district,mandal,village,lat_gis,long_gis,gwl,season,,pH,E.C,TDS,CO3,HCO3,Cl,F,NO3,SO4,Na,K,Ca,Mg,T.H,SAR,Classification,RSC  meq  / L,Classification.1
ADILABAD,Adilabad,Adilabad,196.683,785.247,7.1,Post-monsoon 2020,,08.01,1477,945.28,0,390,220,0.65,6.442.181.818,33,171,9,24,72.93,3.598.766.447,3.919.146.004,C3S1,602.467.105,P.S.
ADILABAD,Bazarhatnur,Bazarhatnur,19.458.888,78.350.833,3.35,Post-monsoon 2020,,7.77,823,526.72,0,250,50,0.66,97.438,13.5,70,3,16,53.482,2.599.095.395,1.887.813.529,C3S1,-198.190.789,P.S.
ADILABAD,Gudihatnoor,Gudihatnoor,19.525.555,78.512.222,05.05,Post-monsoon 2020,,8.21,745,476.8,0,240,70,0.49,4.147.154.545,10.5,65,3,16,48.62,2.399.177.632,1.824.543.906,C2S1,1.644.737,P.S.
ADILABAD,Jainath,Jainath,19.730.555,78.64,2.1,Post-monsoon 2020,,8.3,433,277.12,20,130,40,0.42,1.590.413.636,7.25,31,1,16,29.172,1.599.506.579,1.065.714.421,C2S1,-199.013.158,P.S.
ADILABAD,Narnoor,Narnoor,19.495.665,78.852.654,1.38,Post-monsoon 2020,,7.67,710,454.4,0,270,50,2.28,4.026.363.636,14.5,129,2,32,5,8.287.828.947,6.160.862.054,C2S1,3.742.434.211,U.S.
ADILABAD,Neradigonda,Neradigonda,1.929.375,7.841.216,6.25,Post-monsoon 2020,,7.96,850,544,0,270,80,0.39,4.590.054.545,11.75,70,2,32,48.62,2.799.177.632,1.819.093.301,C3S1,-198.355.263,P.S.
ADILABAD,Talamadugu,Talamadugu,196.334,783.969,3.89,Post-monsoon 2020,,08.07,1428,913.92,0,360,150,0.16,1.403.187.727,31.25,136,4,40,77.792,4.198.684.211,288.572.184,C3S1,-1.197.368.421,P.S.
ADILABAD,Tamsi,Tamsi,196.811,784.268,3.6,Post-monsoon 2020,,7.44,893,571.52,0,230,70,1.38,1.322.660.455,16.75,71,3,24,58.344,2.999.013.158,1.782.548.385,C3S1,-1.398.026.316,P.S.
ADILABAD,Utnoor,Utnoor,193.789,787.685,2,Post-monsoon 2020,,7.81,1307,836.48,0,370,170,01.04,2.355.422.727,27.25,136,5,32,68.068,3.598.848.684,3.116.946.004,C3S1,202.302.632,P.S.
BHADRADRI,Annapureddypalli,Annapureddypalli,17.354.519,80.826.104,12.7,Post-monsoon 2020,,8.15,443,283.52,0,80,70,431,46.411.491,5,16.97,4.44,64,4.862,1.799.917.763,549.955.658,C2S1,-1.999.835.526,P.S.
BHADRADRI,Ashwapuram,Aswapuram,17.841.678,80.809.241,6.62,Post-monsoon 2020,,8.54,1032,660.48,30,160,140,217,9.553.353,29,83.17,16.14,88,19.448,2.999.671.053,2.087.863.247,C3S1,-2.199.342.105,P.S.
BHADRADRI,Bhadrachalam,Bhadrachalam,17.666.775,80.900.922,1.67,Post-monsoon 2020,,8.17,1373,878.72,0,440,110,792,7.653.312,21,83.67,6.16,88,68.068,4.998.848.684,1.627.072.622,C3S1,-1.197.697.368,P.S.
BHADRADRI,Burgampad,M.Banjara,176.447,807.911,3.25,Post-monsoon 2020,,9.23,388,248.32,60,100,20,233,296.743,8,16.53,2.69,24,24.31,1.599.588.816,568.251.824,C2S1,822.368,P.S.
BHADRADRI,Chandrugonda,Ravikampadu,173.986,806.106,3.4,Post-monsoon 2020,,8.17,3666,2346.24,0,660,480,346,535.909,49,396.6,3.9,56,204.204,9.796.546.053,5.509.198.006,C4S2,-6.393.092.105,P.S.
BHADRADRI,Dummugudem,Bandirevu,17.92,80.92,2.41,Post-monsoon 2020,,8.56,882,564.48,30,330,30,1.54,20.174.095,8,88.89,0.97,24,43.758,2.399.259.868,2.495.091.205,C3S1,2.401.480.263,MR
BHADRADRI,Gundala,Kanchanapalli,17.79,80.42,1.18,Post-monsoon 2020,,8.24,805,515.2,0,150,80,211,14.017.785,14,20.9,72.36,72,19.448,2.599.671.053,563.584.773,C3S1,-2.199.342.105,P.S.
BHADRADRI,Julurpadu,P. Narsapuram,17.438.169,80.520.318,8.45,Post-monsoon 2020,,8.48,4340,2777.6,20,800,790,1.21,21.020.034,46,748.1,12.1,8,131.274,5.597.779.605,137.475.061,C4S3,5.204.440.789,U.S.
BHADRADRI,Karakagudem,Karakagudem,18.034.655,80.568.147,1.16,Post-monsoon 2020,,7.67,687,439.68,0,270,40,851,713.069,9,44.94,17.52,56,19.448,2.199.671.053,1.317.426.401,C2S1,1.000.657.895,P.S.
BHADRADRI,Laxmidevipalli,Laxmidevipalli,17.573,80.619,4.36,Post-monsoon 2020,,7.91,1242,794.88,0,330,150,403,987.667,14,81.1,13.25,104,48.62,4.599.177.632,1.644.193.498,C3S1,-2.598.355.263,P.S.
BHADRADRI,Manuguru,Pagideru,17.97,80.73,0.87,Post-monsoon 2020,,8.12,1638,1048.32,0,290,340,335,97.438,23,178.8,59.8,56,48.62,3.399.177.632,4.216.506.249,C3S1,-998.355.263,P.S.
BHADRADRI,Palwancha,REGELLA,17.95,80.58,1.97,Post-monsoon 2020,,8.64,1414,904.96,50,550,70,1.24,150.586,14,161.3,15.1,64,48.62,3.599.177.632,3.696.620.698,C3S1,4.801.644.737,U.S.
BHADRADRI,Tekulapalli,Bethampudi,17.56,80.45,08.04,Post-monsoon 2020,,8.18,1565,1001.6,0,330,190,649,16.227.856,28,273.7,3.9,8,43.758,1.999.259.868,8.416.128.101,C3S2,2.601.480.263,U.S.
BHADRADRI,Tekulapalli,Mutyalampadu,17.54,80.5,3.78,Post-monsoon 2020,,08.09,1600,1024,0,560,120,784,5.212.933,15,282.3,9.4,24,29.172,1.799.506.579,9.149.688.794,C3S2,7.600.986.842,U.S.
BHADRADRI,Yellandu,Komararam,17.71,80.32,1.14,Post-monsoon 2020,,8.1,647,414.08,0,260,20,2.53,15.802.672,10,10.48,14.43,72,24.31,2.799.588.816,272.324.253,C2S1,-399.177.632,P.S.
BHUPALPALLY,Ghanpur Mulug,Chelpur(D),18.368.545,79.853.503,5.24,Post-monsoon 2020,,7.94,565,361.6,0,150,70,0.31,2.395.686.364,47.75,16,4,64,29.172,2.799.506.579,415.768.326,C2S1,-2.599.013.158,P.S.
BHUPALPALLY,Kataram,Shankarampally 125(D),186.022,798.983,23.12,Post-monsoon 2020,,7.67,372,238.08,0,130,60,0.42,2.476.213.636,3.25,27,1,16,34.034,1.799.424.342,875.123.069,C2S1,-998.848.684,P.S.
BHUPALPALLY,Mahadevpur,Ambatipalli,18.695.678,80.061.858,20.19,Post-monsoon 2020,,7.99,261,167.04,0,100,40,0.29,1.409.227.273,4.25,14,2,56,5,140,51.444.172,C2S1,-0.8,P.S.
BHUPALPALLY,Regonda,Regonda,18.24,797.775,3.29,Post-monsoon 2020,,7.14,1261,807.04,0,200,260,01.03,4.489.395.455,23.25,28,3,64,102.102,5.798.273.026,505.569.498,C3S1,-7.596.546.053,P.S.
HYDERABAD,Ameerpet,S.R.Nagar,17.442.333,78.443.916,10.9,Post-monsoon 2020,,7.61,1271,813.44,0,320,160,1.2,571.341,19.25,101.23,1.44,96,38.896,3.999.342.105,2.200.833.171,C3S1,-1.598.684.211,P.S.
HYDERABAD,Asifnagar,Himayanagar,17.397.638,7.844.525,1.8,Post-monsoon 2020,,7.95,443,283.52,0,150,50,0.34,283.456,12.75,30.74,4.73,48,9.724,1.599.835.526,1.056.667.522,C2S1,-199.671.053,P.S.
HYDERABAD,Asifnagar,Kulsanapur,17.374,78.437,1.21,Post-monsoon 2020,,8.33,1625,1040,10,370,190,0.91,1.621.014,34,193.6,24.9,88,38.896,3.799.342.105,4.318.404.469,C3S1,1.315.789,P.S.
HYDERABAD,Bandlaguda,Chandraingutta,17.333,78.484,07.04,Post-monsoon 2020,,8.32,557,356.48,10,140,80,0.45,243.595,16.75,56.79,2.56,40,14.586,1.599.753.289,1.952.169.516,C2S1,-199.506.579,P.S.
HYDERABAD,Charminar,Darul Shifa,17.381,78.485,3.92,Post-monsoon 2020,,8.18,907,580.48,0,160,160,0.37,48.719,19,70.19,13.62,56,34.034,2.799.424.342,1.823.950.463,C3S1,-2.398.848.684,P.S.
HYDERABAD,Maredpally,Maredpally(s),17.441,78.509,5.65,Post-monsoon 2020,,7.88,1555,995.2,0,370,140,1.4,190.447,41.5,88,1.64,184,24.31,5.599.588.816,1.616.876.196,C3S1,-3.799.177.632,P.S.
HYDERABAD,Nampally,Nampally,17.385,78.474,02.06,Post-monsoon 2020,,8,1549,991.36,0,450,170,1.14,544.767,26,119,7.7,64,82.654,4.998.601.974,2.314.167.804,C3S1,-997.203.947,P.S.
HYDERABAD,Saidabad,Juvinile home,17.361,78.508,02.06,Post-monsoon 2020,,8.35,1205,771.2,10,340,140,0.95,500.477,25,114,8.38,88,34.034,3.599.424.342,2.612.525.214,C3S1,-198.848.684,P.S.
JAGITYAL,Dharmapuri,Dharmapuri,18.946.944,79.101.944,4.84,Post-monsoon 2020,,7.67,810,518.4,0,270,40,0.45,4.086.759.091,51.25,15,2,32,72.93,3.798.766.447,334.612.473,C3S1,-2.197.532.895,P.S.
JAGITYAL,Gollapalli,Gollapalli,187.906,790.522,3.3,Post-monsoon 2020,,07.09,817,522.88,0,200,110,1,4.590.054.545,13.25,29,6,56,48.62,3.399.177.632,683.885.242,C3S1,-2.798.355.263,P.S.
JAGITYAL,Ibrahimpatnam,Ibrahimpatnam,18.898.611,78.579.444,3.41,Post-monsoon 2020,,7.12,847,542.08,0,200,110,0.47,4.569.922.727,14.25,30,3,48,53.482,3.399.095.395,70.747.605,C3S1,-2.798.190.789,P.S.
JAGITYAL,Jagityal,Jagityal,188.252,788.461,5.1,Post-monsoon 2020,,8.31,395,252.8,20,130,50,0.24,6.442.181.818,13.5,25,5,32,24.31,1.799.588.816,810.262.109,C2S1,-599.177.632,P.S.
JAGITYAL,Kathalapur,Kathalapur,18.752.777,78.689.722,1.68,Post-monsoon 2020,,7.99,1156,739.84,0,220,250,2.19,3.221.090.909,9.25,33,1,32,106.964,5.198.190.789,629.303.281,C3S1,-5.996.381.579,P.S.
JAGITYAL,Kodimal,Chepial,18.624.722,78.935.833,3.92,Post-monsoon 2020,,08.01,774,495.36,0,330,80,1.29,2.013.181.818,38.25,28,2,40,82.654,4.398.601.974,580.460.756,C3S1,-2.197.203.947,P.S.
JAGITYAL,Korutla,Korutla,18.818.611,78.706.388,5.75,Post-monsoon 2020,,8.3,455,291.2,30,150,50,0.33,7.046.136.364,17,23,4,72,9.724,2.199.835.526,674.225.066,C2S1,-799.671.053,P.S.
JAGITYAL,Mallapur,Mallapur,189.647,787.064,5.59,Post-monsoon 2020,,7.85,708,453.12,0,120,120,0.84,4.388.736.364,11,24,5,64,29.172,2.799.506.579,623.652.488,C2S1,-3.199.013.158,P.S.
JAGITYAL,Mallial,Nukapalli,187.094,789.222,3.57,Post-monsoon 2020,,7.93,1599,1023.36,0,120,400,0.35,4.368.604.545,67.25,51,5,120,92.378,67.984.375,85.042.846,C3S1,-11.196.875,P.S.
JAGITYAL,Metpalli,Metpalli,18.847.777,78.620.555,13.53,Post-monsoon 2020,,7.64,866,554.24,0,300,100,1.47,1.288.436.364,26,37,2,56,63.206,3.998.930.921,804.455.337,C3S1,-1.997.861.842,P.S.
JAGITYAL,Pegadapalli,Pegadapalli,18.706.388,79.064.444,2.65,Post-monsoon 2020,,8.31,809,517.76,10,110,120,0.79,4.348.472.727,23.75,23,1,40,48.62,2.999.177.632,577.429.418,C3S1,-3.598.355.263,P.S.
JAGITYAL,Raikal,Raikal,18.910.338,78.802.852,1.36,Post-monsoon 2020,,8.31,519,332.16,20,120,80,0.38,2.617.136.364,18.25,24,2,64,19.448,2.399.671.053,673.608.486,C2S1,-1.999.342.105,P.S.
JAGITYAL,Sarangapur,Sarangapur,18.929.722,78.958.055,3.36,Post-monsoon 2020,,7.72,842,538.88,0,300,60,1.48,2.335.290.909,9.75,25,4,8,82.654,3.598.601.974,572.987.656,C3S1,-1.197.203.947,P.S.
JAGITYAL,Velgatur,Velgatur,188.353,791.697,3.27,Post-monsoon 2020,,8.32,1490,953.6,20,310,200,2.14,1.348.831.818,33.75,94,17,40,82.654,4.398.601.974,194.868.968,C3S1,-2.197.203.947,P.S.
JANGAON,Bachannapet,Bachannapet,177.908,790.422,1.3,Post-monsoon 2020,,7.32,537,343.68,0,200,50,0.74,1.006.590.909,12,54,11,64,9.724,200,1.660.232.015,C2S1,328.947,P.S.
JANGAON,Devaruppula,Singarajupalli,175.919,792.738,2.88,Post-monsoon 2020,,7.29,1490,953.6,0,440,170,0.86,1.280.383.636,20.25,135,15,80,102.102,620,2.357.602.488,C3S1,-3.596.546.053,P.S.
JANGAON,Jangaon,Jangaon,176.973,791.474,2.18,Post-monsoon 2020,,07.09,1585,1014.4,0,390,70,0.82,1.421.306.364,26,85,5,136,53.482,560,156.182.423,C3S1,-3.398.190.789,P.S.
JANGAON,Lingala ghanpur,Lingala ghanpur,176.591,791.997,3.18,Post-monsoon 2020,,7.2,1532,980.48,0,320,90,0.48,1.366.950.455,34.5,166,57,96,9.724,280,4.313.342.972,C3S1,800.328.947,P.S.
JANGAON,Palakurthi,Palakurthi,176.691,794.225,4.3,Post-monsoon 2020,,7.4,736,471.04,0,340,60,1.11,805.272.727,5.75,110,4,48,24.31,2.199.753.289,3.224.735.494,C2S1,2.400.822.368,MR
JANGAON,Raghunadhapalli,Raghunadhapalli,177.647,792.636,04.09,Post-monsoon 2020,,7.27,2065,1321.6,0,660,240,1.39,8.233.913.636,31.75,254,12,56,126.412,660,4.299.364.558,C3S1,4.276.316,P.S.
JANGAON,Zafergad,Zafergad,177.651,79.487,2.86,Post-monsoon 2020,,7.51,1690,1081.6,0,220,360,0.25,3.482.804.545,44.25,125,8,72,116.688,6.598.026.316,2.115.802.643,C3S1,-8.796.052.632,P.S.
JOGULAMBA(GADWAL),Alampur,Alampur,15.896.441,78.121.104,2.31,Post-monsoon 2020,,8.16,1802,1153.28,0,160,380,0.95,690.924,96,202,4,80,48.62,3.999.177.632,4.391.755.826,C3S1,-4.798.355.263,P.S.
JOGULAMBA(GADWAL),Dharoor,Dharoor,16.224.385,77.678.908,2.4,Post-monsoon 2020,,7.65,2134,1365.76,0,280,400,0.39,1.731.739,63,86,7,232,68.068,8.598.848.684,1.275.118.251,C3S1,-1.159.769.737,P.S.
JOGULAMBA(GADWAL),Dharoor,Neelahally,16.265.211,77.641.794,0.8,Post-monsoon 2020,,7.84,2486,1591.04,0,310,500,0.92,1.209.117,81,255,1.7,144,72.93,6.598.766.447,4.315.995.326,C4S1,-6.997.532.895,P.S.
JOGULAMBA(GADWAL),Gadwal,Gadwal,162.326,778.021,0.88,Post-monsoon 2020,,7.59,9499,6079.36,0,500,2480,0.74,119.583,216,732,4.7,640,457.028,3.479.226.974,5.395.626.316,C4S1,-5.958.453.947,P.S.
JOGULAMBA(GADWAL),Gattu,Gattu,161.287,775.757,2.26,Post-monsoon 2020,,7.72,915,585.6,0,140,150,0.64,801.649,35,47,1,112,19.448,3.599.671.053,1.077.056.818,C3S1,-4.399.342.105,P.S.
JOGULAMBA(GADWAL),Ieeza,Ieeza,1.601.518,77.671.609,17.45,Post-monsoon 2020,,8.37,3491,2234.24,20,800,570,1.23,1.142.682,38,630,8.3,56,68.068,4.198.848.684,1.336.742.024,C4S1,8.002.302.632,U.S.
JOGULAMBA(GADWAL),K-T Doddi,Kuchinerla,16.179,77.526,1.23,Post-monsoon 2020,,7.84,760,486.4,0,180,50,0.42,1.244.549,31,39,1,104,9.724,2.999.835.526,979.012.076,C3S1,-2.399.671.053,P.S.
JOGULAMBA(GADWAL),Maldakal,Maldakal,16.129.667,77.687.599,0.75,Post-monsoon 2020,,8.18,2092,1338.88,0,410,330,0.87,934.519,64,191,5.9,160,43.758,5.799.259.868,3.448.412.782,C3S1,-3.398.519.737,P.S.
JOGULAMBA(GADWAL),Manopad,Manopad,159.656,779.533,1.89,Post-monsoon 2020,,7.36,1588,1016.32,0,260,280,0.95,925.661,51,99,2,96,68.068,5.198.848.684,1.887.790.386,C3S1,-5.197.697.368,P.S.
JOGULAMBA(GADWAL),Waddepalli,Santhinagar,15.94,77.839,0.82,Post-monsoon 2020,,7.8,3325,2128,0,420,580,1.16,3.357.182,106,513,1,112,92.378,65.984.375,8.682.983.493,C4S1,-4.796.875,P.S.
KAMAREDDY,Bansawada,Bansawada,18.393,77.879,3.95,Post-monsoon 2020,,7.95,1723,1102.72,0,550,110,4.18,593.486,138,345,1.8,16,29.172,1.599.506.579,1.186.037.017,C3S3,7.800.986.842,U.S.
KAMAREDDY,Bhiknoor,Bhiknoor,18.196,78.399,2.11,Post-monsoon 2020,,7.69,1334,853.76,0,410,150,0.87,3.047.152,16,94,3.34,120,38.896,4.599.342.105,1.905.689.585,C3S1,-998.684.211,P.S.
KAMAREDDY,Bhiknoor,P.D.Mallareddy,18.173,78.453,12.51,Post-monsoon 2020,,7.44,1030,659.2,0,340,70,0.85,5.429.954,26,54.33,02.07,128,19.448,3.999.671.053,1.181.135.524,C3S1,-1.199.342.105,P.S.
KAMAREDDY,Bibipet,Bibipet,18.205,78.523,12.23,Post-monsoon 2020,,7.45,1079,690.56,0,320,120,0.75,4.770.033,12,28.53,1.86,128,38.896,4.799.342.105,566.217.231,C3S1,-3.198.684.211,P.S.
KAMAREDDY,BICHKUNDA,Pulkal,18.399,77.767,3.17,Post-monsoon 2020,,7.66,1422,910.08,0,350,210,0.81,420.755,24,97,4.18,184,9.724,4.999.835.526,1.886.105.751,C3S1,-2.999.671.053,P.S.
KAMAREDDY,Domakonda,Domakonda,18.25,78.436,17.17,Post-monsoon 2020,,7.26,1879,1202.56,0,410,260,0.86,15.080.745,16,65.7,3.71,192,72.93,7.798.766.447,1.022.879.739,C3S1,-7.397.532.895,P.S.
KAMAREDDY,Gandhari,Gandhari,18.396,78.107,11.35,Post-monsoon 2020,,7.66,919,588.16,0,390,30,0.91,3.707.073,10,28.51,2.34,144,14.586,4.199.753.289,604.863.658,C3S1,-599.506.579,P.S.
KAMAREDDY,Gandhari,Sarvapoor,183.647,779.851,7.65,Post-monsoon 2020,,7.63,1561,999.04,0,470,160,1.52,699.782,20,145.7,2.6,152,19.448,4.599.671.053,2.953.713.233,C3S1,200.657.895,P.S.
KAMAREDDY,Jukkal,Jukkal,18.364,77.604,3.27,Post-monsoon 2020,,7.74,2383,1525.12,0,550,430,2.1,1.089.534,41,260,16.3,136,58.344,5.799.013.158,4.694.274.319,C4S2,-598.026.316,P.S.
KAMAREDDY,Kamareddy,Adloor,183.438,783.435,12.9,Post-monsoon 2020,,7.65,717,458.88,0,320,20,1.57,2.112.633,5,53.96,1.77,88,9.724,2.599.835.526,1.455.027.387,C2S1,1.200.328.947,P.S.
KAMAREDDY,Kamareddy,Narasannapally,182.686,783.617,12.96,Post-monsoon 2020,,8.36,458,293.12,20,120,50,0.32,721.927,10,30.58,4.24,40,14.586,1.599.753.289,1.051.194.643,C2S1,-399.506.579,P.S.
KAMAREDDY,Lingampet,Bhavanipet,182.791,78.058,05.08,Post-monsoon 2020,,7.69,1163,744.32,0,380,100,1.39,5.102.208,19,96,3.94,112,24.31,3.799.588.816,2.141.288.067,C3S1,0.1,P.S.
KAMAREDDY,Machareddy,Machareddy,18.329,78.493,06.02,Post-monsoon 2020,,7.75,1589,1016.96,0,370,250,0.58,5.957.005,18,60.76,2,184,48.62,6.599.177.632,1.028.359.631,C3S1,-5.798.355.263,P.S.
KAMAREDDY,Maddnur,Menoor,18.483,77.652,03.06,Post-monsoon 2020,,07.06,1150,736,0,290,160,0.46,8.317.662,18,57,7.99,160,14.586,4.599.753.289,1.155.526.076,C3S1,-3.399.506.579,P.S.
KAMAREDDY,Nagireddipet,Malthummeda,18.114,78.142,10.85,Post-monsoon 2020,,7.53,963,616.32,0,400,50,0.96,1.660.875,13,54,2.53,80,43.758,3.799.259.868,1.204.526.679,C3S1,401.480.263,P.S.
KAMAREDDY,Nasurullabad,Nasurullabad,18.468,77.873,1.89,Post-monsoon 2020,,7.89,946,605.44,0,340,70,1.56,1.563.437,17,72.92,1.6,16,68.068,3.198.848.684,1.772.645.838,C3S1,402.302.632,P.S.
KAMAREDDY,Nizamsagar,Mohammadnagar,18.293.098,77.908.661,02.06,Post-monsoon 2020,,7.38,2153,1377.92,0,420,300,1.86,23.345.259,46,234,3.6,128,63.206,5.798.930.921,4.224.876.844,C3S1,-3.197.861.842,P.S.
KAMAREDDY,Rajampet,Argonda,18.234,78.272,03.07,Post-monsoon 2020,,7.5,815,521.6,0,360,30,0.85,2.108.204,12,35.27,1.33,96,29.172,3.599.506.579,808.269.401,C3S1,0.01,P.S.
KAMAREDDY,RAMAREDDY,Reddypet,18.409,78.417,8.2,Post-monsoon 2020,,7.31,650,416,0,160,100,0.51,2.055.056,11,41.68,02.02,80,9.724,2.399.835.526,1.169.793.315,C2S1,-1.599.671.053,P.S.
KAMAREDDY,Sadasivanagar,Sadasivanagar,18.406,78.264,5.36,Post-monsoon 2020,,7.47,690,441.6,0,260,40,1.48,3.950.668,11,31.03,2.25,72,29.172,2.999.506.579,778.984.884,C2S1,-799.013.158,P.S.
KAMAREDDY,Tadwai,Yerrapahad,18.293,78.223,1.47,Post-monsoon 2020,,7.94,1348,862.72,0,450,110,0.45,3.959.526,39,48,8.49,96,82.654,5.798.601.974,866.665.985,C3S1,-2.597.203.947,P.S.
KARIMNAGAR,Choppadandi,Rukmapur,185.334,791.461,6.48,Post-monsoon 2020,,8.2,480,307.2,0,120,60,0.28,13.287,18.75,34,2,40,14.586,1.599.753.289,1.168.757.942,C2S1,-799.506.579,P.S.
KARIMNAGAR,Gangadhara,Gangadhara,18.579.444,79.008.888,11.03,Post-monsoon 2020,,08.08,890,569.6,0,280,90,0.82,3.160.695.455,16.75,70,2,72,29.172,2.999.506.579,1.757.297.514,C3S1,-399.013.158,P.S.
KARIMNAGAR,Huzurabad,Huzurabad,18.189.488,79.407.573,0.81,Post-monsoon 2020,,7.85,877,561.28,0,230,120,0.7,5.576.513.636,14,82,4,72,24.31,2.799.588.816,2.130.781.372,C3S1,-999.177.632,P.S.
KARIMNAGAR,Saidapur,Saidapur,182.148,79.305.174,2.85,Post-monsoon 2020,,8.19,1275,816,0,250,120,2.16,6.824.686.364,28.5,120,4,64,24.31,2.599.588.816,3.235.944.617,C3S1,-199.177.632,P.S.
KARIMNAGAR,Thimmapur,Alugunur,18.400.873,79.151.234,2.68,Post-monsoon 2020,,8.28,709,453.76,0,170,100,0.73,1.952.786.364,23.25,70,2,56,14.586,1.999.753.289,2.152.196.863,C2S1,-599.506.579,P.S.
KHAMMAM,Bonakal,Mustikunta,17.040.809,80.223.141,1.8,Post-monsoon 2020,,8.26,1720,1100.8,0,220,320,0.48,163.873,43.75,170.3,6.5,80,68.068,4.798.848.684,3.380.012.325,C3S1,-5.197.697.368,P.S.
KHAMMAM,Kallur,Kallur,17.21,805.467,1.94,Post-monsoon 2020,,7.71,1152,737.28,0,290,150,0.73,673.208,18,86,14.61,32,72.93,3.798.766.447,1.918.444.848,C3S1,-1.797.532.895,P.S.
KHAMMAM,Kamepalli,Kothalingala,17.429.453,80.237.801,1.96,Post-monsoon 2020,,7.73,3382,2164.48,0,100,780,0.2,4.716.885,35,330,7.1,208,92.378,89.984.375,4.783.023.907,C4S2,-15.996.875,P.S.
KHAMMAM,Khammam (R ),M.V.Palem,172.967,800.969,2.58,Post-monsoon 2020,,8.55,923,590.72,30,170,80,0.77,1.040.815,64,65.78,4.5,24,63.206,3.198.930.921,1.599.055.738,C3S1,-2.397.861.842,P.S.
KHAMMAM,Khammam(U),Khammam I,172.333,801.333,0.5,Post-monsoon 2020,,07.02,525,336,0,180,50,0.77,155.015,9.5,56,3.47,24,19.448,1.399.671.053,2.058.008.673,C2S1,800.657.895,P.S.
KHAMMAM,Khammam(U),Khammam-II,172.525,801.436,0.8,Post-monsoon 2020,,7.67,983,629.12,0,280,130,1.15,13.287,22.75,86.68,5.99,48,43.758,2.999.259.868,2.176.125.902,C3S1,-398.519.737,P.S.
KHAMMAM,Konijerla,Konijerla,172.211,802.908,1.39,Post-monsoon 2020,,8.43,1303,833.92,10,150,290,0.57,779.504,19.75,95.46,3.32,48,77.792,4.398.684.211,1.978.938.063,C3S1,-5.597.368.421,P.S.
KHAMMAM,Kusumanchi,Kusumanchi,172.208,799.583,2.73,Post-monsoon 2020,,8.67,552,353.28,20,140,70,0.27,478.332,15,52.93,3.11,40,14.586,1.599.753.289,1.819.481.114,C2S1,493.421,P.S.
KHAMMAM,Mudigonda,Mudigonda,171.875,800.986,0.81,Post-monsoon 2020,,7.81,1030,659.2,0,350,80,0.75,3.166.735,18,57,16.73,56,53.482,3.599.095.395,13.063.223,C3S1,-198.190.789,P.S.
KHAMMAM,Sathupalli,Prakashnagar,171.942,808.942,31.83,Post-monsoon 2020,,8.4,766,490.24,40,260,50,0.9,1.023.099,3,23.08,6.81,88,24.31,3.199.588.816,560.997.445,C3S1,-399.177.632,P.S.
KHAMMAM,Thallada,Anjanapuram,172.147,804.625,1.37,Post-monsoon 2020,,09.04,2615,1673.6,50,850,170,7.7,597.915,83,560,6.5,16,4.862,5.999.177.632,3.143.506.266,C4S4,1.680.016.447,U.S.
KHAMMAM,Thirumalayapalem,Bachode,172.997,799.006,01.05,Post-monsoon 2020,,8.36,917,586.88,20,300,80,0.6,1.027.528,14,90.01,8.17,32,43.758,2.599.259.868,2.427.381.708,C3S1,1.201.480.263,P.S.
KHAMMAM,Thirumalayapalem,Tirumalayapalem,17.317.454,80.050.896,1.28,Post-monsoon 2020,,08.07,2903,1857.92,0,270,320,1.16,797.22,46,238.7,8.1,96,155.584,8.797.368.421,3.499.034.246,C4S1,-1.219.473.684,P.S.
KHAMMAM,Vemsur,Vemsur,171.442,80.805,1.35,Post-monsoon 2020,,8.5,660,422.4,30,160,80,0.35,1.846.893,5,56,04.07,56,14.586,1.999.753.289,1.721.757.491,C2S1,-199.506.579,P.S.
KHAMMAM,Yerrupalem,Banigandlapadu,16.86,80.48,4.11,Post-monsoon 2020,,8.58,1560,998.4,10,380,110,1.21,3.494.481,19.5,78.63,0.55,40,140.998,6.797.615.132,1.311.239.893,C3S1,-5.795.230.263,P.S.
KUMURAM BHEEM,Asifabad,Asifabad,19.359.617,79.286.065,17.19,Post-monsoon 2020,,7.98,916,586.24,0,360,60,1.26,22.145,22.75,129,8,64,9.724,1.999.835.526,3.966.109.813,C3S1,3.200.328.947,U.S.
KUMURAM BHEEM,Kagaznagar,Kagaznagar,19.355.709,79.496.997,3.82,Post-monsoon 2020,,8.32,699,447.36,20,260,50,0.93,3.885.440.909,12,96,7,56,9.724,1.799.835.526,3.111.193.244,C2S1,2.000.328.947,MR
KUMURAM BHEEM,Kerameri,Kerameri,19.444,7.905.625,8.84,Post-monsoon 2020,,7.11,681,435.84,0,220,40,0.27,4.549.790.909,6,80,5,48,4.862,1.399.917.763,2.939.753.316,C2S1,1.600.164.474,MR
KUMURAM BHEEM,Kowthala,Kowthala,195.219,797.324,3.65,Post-monsoon 2020,,07.09,356,227.84,0,80,30,0.29,1.348.831.818,3.25,7,2,24,14.586,1.199.753.289,277.858.847,C2S1,-799.506.579,P.S.
KUMURAM BHEEM,Rebbena,Rebbena II,19.257,79.415.972,5.78,Post-monsoon 2020,,7.67,777,497.28,0,300,70,1.66,13.287,10.25,102,4,72,4.862,1.999.917.763,3.135.929.329,C3S1,2.000.164.474,MR
KUMURAM BHEEM,Tiryani,Tiryani,19.174.472,7.927.225,,Post-monsoon 2020,,7.98,594,380.16,0,240,40,0.68,1.248.172.727,4.5,23,3,80,14.586,2.599.753.289,620.203.099,C2S1,-399.506.579,P.S.
MAHABUBABAD,Dhantalapally,Dhantalapally,175.147,797.347,01.02,Post-monsoon 2020,,7.88,1798,1150.72,0,390,240,1.58,8.797.604.545,24.5,172,5,64,77.792,4.798.684.211,3.413.811.408,C3S1,-1.797.368.421,P.S.
MAHABUBABAD,Dornakal,Mannegudem,17.374.115,80.043.883,2.56,Post-monsoon 2020,,8.29,1745,1116.8,0,340,180,1.26,1.775.626.364,55.75,180,10,56,68.068,4.198.848.684,3.819.262.925,C3S1,-1.597.697.368,P.S.
MAHABUBABAD,Kesamudram,Kesamudram,176.816,799.069,2.5,Post-monsoon 2020,,08.05,1743,1115.52,0,470,150,0.74,1.654.835.455,33.25,180,6,64,77.792,4.798.684.211,3.572.593.334,C3S1,-197.368.421,P.S.
MAHABUBABAD,Koravi,Ayyagaripally,17.503,799.886,5.74,Post-monsoon 2020,,8.14,539,344.96,0,160,60,0.27,7.247.454.545,16.5,49,2,40,14.586,1.599.753.289,1.684.386.446,C2S1,493.421,P.S.
MAHABUBABAD,Mahabubabad,Mahabubabad,175.983,800.011,1.26,Post-monsoon 2020,,08.02,1135,726.4,0,430,50,3.61,2.939.245.455,27.5,118,4,48,48.62,3.199.177.632,2.868.368.827,C3S1,2.201.644.737,MR
MAHABUBABAD,Marripeda,Marripeda,173.852,798.941,2.6,Post-monsoon 2020,,8.28,546,349.44,0,130,50,0.36,6.442.181.818,22,41,1,32,14.586,1.399.753.289,1.506.712.087,C2S1,-199.506.579,P.S.
MAHABUBABAD,Nellikudur,Nellikudur,175.897,797.597,1.45,Post-monsoon 2020,,8.16,1150,736,0,410,60,2.16,6.180.468.182,20.75,119,4,48,48.62,3.199.177.632,2.892.677.037,C3S1,1.801.644.737,MR
MAHABUBABAD,Torrur,Torrur,175.836,796.611,2.35,Post-monsoon 2020,,8.2,510,326.4,0,140,50,0.28,4.831.636.364,16.25,33,1,32,19.448,1.599.671.053,1.134.411.867,C2S1,-399.342.105,P.S.
MAHABUBNAGAR,Bhoothpur,Elkicherla,16.623,78.116,3.21,Post-monsoon 2020,,8.98,820,524.8,80,180,80,0.66,3.219.883,19,92,1.27,24,38.896,2.199.342.105,269.720.277,C3S1,801.315.789,P.S.
MAHABUBNAGAR,CC Kunta,Damagnapur,164.997,777.554,0.93,Post-monsoon 2020,,8.4,3192,2042.88,30,440,430,1.85,4.690.311,65,406,106,88,82.654,5.598.601.974,7.460.336.229,C4S2,-1.797.203.947,P.S.
MAHABUBNAGAR,CC Kunta,Kurumurthy,16.441.442,77.816.757,10.47,Post-monsoon 2020,,8.16,1037,663.68,0,190,170,1.35,6.802.944,19,73,14.67,88,29.172,3.399.506.579,1.721.420.938,C3S1,-2.999.013.158,P.S.
MAHABUBNAGAR,CC Kunta,Thirmalapur,1.648.271,77.824.269,0.52,Post-monsoon 2020,,8.62,884,565.76,50,250,90,1.63,305.601,22,135,5.9,24,24.31,1.599.588.816,4.640.895.111,C3S1,2.800.822.368,U.S.
MAHABUBNAGAR,Devarkadara,Devarakadra,166.058,77.832.836,7.29,Post-monsoon 2020,,8.92,957,612.48,70,380,30,2.21,97.438,10,161,0.5,24,24.31,1.599.588.816,5.534.697.132,C3S1,5.800.822.368,U.S.
MAHABUBNAGAR,Hanwada,Hanwada,16.808.381,77.897.252,3.17,Post-monsoon 2020,,8.39,1466,938.24,20,230,290,0.44,5.221.791,20,84,2.8,152,43.758,5.599.259.868,1.543.427.159,C3S1,-6.198.519.737,P.S.
MAHABUBNAGAR,Jadcherla,Jadcherla,16.774.181,78.122.404,9.92,Post-monsoon 2020,,7.98,1284,821.76,0,270,190,1.61,558.054,30,116,1.96,80,43.758,3.799.259.868,2.587.501.755,C3S1,-2.198.519.737,P.S.
MAHABUBNAGAR,Koilkonda,Dammaipally,16.759.993,7.789.946,1.28,Post-monsoon 2020,,8.6,491,314.24,50,140,50,0.62,704.211,7,44,2.76,56,9.724,1.799.835.526,142.596.357,C2S1,200.328.947,P.S.
MAHABUBNAGAR,Mahabubnagar (R),Kodur,16.68,77.924,06.03,Post-monsoon 2020,,8.32,1349,863.36,10,300,190,01.06,810.507,17,164,7.9,56,38.896,2.999.342.105,4.117.209.914,C3S1,201.315.789,P.S.
MAHABUBNAGAR,Mahabubnagar(U),Yenugonda,16.761.294,78.020.981,5.97,Post-monsoon 2020,,8.21,1980,1267.2,0,360,320,01.07,1.621.014,36,155,3.59,160,63.206,6.598.930.921,2.623.415.445,C3S1,-5.997.861.842,P.S.
MAHABUBNAGAR,Midjil,Kothapalli,167.506,782.315,3.58,Post-monsoon 2020,,8.46,3349,2143.36,30,490,690,0.83,181.589,65,413,2.3,40,184.756,8.596.875,6.124.235.881,C4S2,-679.375,P.S.
MAHABUBNAGAR,Nawabpet,Nawabpet,16.888,780.239,4.18,Post-monsoon 2020,,8.42,1566,1002.24,30,150,370,0.85,341.033,28,182,5.2,72,43.758,3.599.259.868,4.170.968.884,C3S1,-3.598.519.737,P.S.
MANCHERIAL,Bellampally,Bellampally I,19.072.027,79.503.111,12.85,Post-monsoon 2020,,08.01,923,590.72,0,300,120,0.46,2.415.818.182,14,57,2,96,34.034,3.799.424.342,1.271.417.308,C3S1,-1.598.848.684,P.S.
MANCHERIAL,Chennur,Chennur I,18.852.222,79.780.222,5.38,Post-monsoon 2020,,08.02,771,493.44,0,280,100,0.85,1.066.986.364,11.5,75,4,96,9.724,2.799.835.526,1.948.799.535,C3S1,328.947,P.S.
MANCHERIAL,Jaipur,Jaipur,18.844.277,79.579.972,1.77,Post-monsoon 2020,,8.19,1726,1104.64,0,460,260,1.95,805.272.727,66,205,5,88,68.068,4.998.848.684,3.986.493.218,C3S1,-797.697.368,P.S.
MANCHERIAL,Mandamarri,Mandamarri,18.978.679,79.477.854,3.53,Post-monsoon 2020,,8.23,1327,849.28,0,400,150,0.54,6.240.863.636,53.25,175,8,104,9.724,2.999.835.526,4.393.002.907,C3S1,2.000.328.947,MR
MANCHERIAL,Tandur,Tandur,19.157.871,79.456.254,8.18,Post-monsoon 2020,,08.05,392,250.88,0,150,20,0.34,9.260.636.364,4.25,13,2,40,14.586,1.599.753.289,446.878.037,C2S1,-199.506.579,P.S.
MANCHERIAL,Vemanpally,Neelwai,1.904.799,7.981.505,0.48,Post-monsoon 2020,,8.21,540,345.6,0,260,30,0.65,201.318.182,5.25,58,3,56,9.724,1.799.835.526,1.879.679.252,C2S1,1.600.328.947,MR
MEDAK,Chegunta,Chegunta,179.341,785.186,5.55,Post-monsoon 2020,,7.54,990,633.6,0,340,100,2.16,1.656.446,9,104.57,3.18,64,29.172,2.799.506.579,2.717.305.863,C3S1,1.200.986.842,P.S.
MEDAK,Havelighanpur,Mutayapally,180.845,782.189,2.7,Post-monsoon 2020,,7.93,809,517.76,0,270,90,0.86,1.776.029,14.75,86,2,72,14.586,2.399.753.289,2.413.722.381,C3S1,600.493.421,P.S.
MEDAK,Kulcharam,Rangampet,179.451,781.176,14.9,Post-monsoon 2020,,7.74,972,622.08,0,360,100,0.61,1.036.386,12.625,85.4,2.39,80,34.034,3.399.424.342,2.013.851.045,C3S1,401.151.316,P.S.
MEDAK,Medak,Medak,180.528,782.708,9,Post-monsoon 2020,,7.1,2250,1440,0,430,440,0.81,5.722.268,34.7,241,2.1,160,48.62,5.999.177.632,4.278.025.273,C4S1,-3.398.355.263,P.S.
MEDAK,Narasapur,Narasapur,17.735,782.819,13,Post-monsoon 2020,,6.97,1454,930.56,0,320,230,0.57,992.096,18.875,85,2.32,128,58.344,5.599.013.158,15.618.357,C3S1,-4.798.026.316,P.S.
MEDAK,Narasapur,Reddypally,177.856,782.633,10.9,Post-monsoon 2020,,7.24,1610,1030.4,0,460,230,1.18,17.716,24,165,5,104,48.62,4.599.177.632,3.345.153.233,C3S1,1.644.737,P.S.
MEDAK,Papannapet,Papannapet,1.804.217,78.085.354,5.25,Post-monsoon 2020,,7.35,1301,832.64,0,500,80,0.68,3.901.949,26,51.3,1.87,104,72.93,5.598.766.447,942.634.549,C3S1,-1.197.532.895,P.S.
MEDAK,Shankarampet,Gavvalapalli,180.517,779.172,3.1,Post-monsoon 2020,,7.67,1067,682.88,0,320,120,1.71,2.768.125,16.5,82.45,0.83,80,38.896,3.599.342.105,1.889.518.988,C3S1,-798.684.211,P.S.
MEDAK,Shankarampet R,Shankarampet,17.971,78.372,6.65,Post-monsoon 2020,,7.86,3044,1948.16,0,470,550,01.01,2.232.216,38.75,349.6,2.9,232,29.172,6.999.506.579,5.745.262.481,C4S1,-4.599.013.158,P.S.
MEDAK,Shivampet,Shivampet,177.863,78.37,20,Post-monsoon 2020,,7.56,1693,1083.52,0,460,250,1.1,22.145,16.75,99.32,2.37,152,63.206,6.398.930.921,170.708.507,C3S1,-3.597.861.842,P.S.
MEDAK,Shivampet,Gudur,177.817,783.674,19.8,Post-monsoon 2020,,7.42,2802,1793.28,0,430,530,0.89,217.021,33.5,151.6,6.5,264,97.24,1.059.835.526,202.466.012,C4S1,-1.259.671.053,P.S.
MEDAK,Shivampet,Usrikapally,178.211,783.949,12,Post-monsoon 2020,,7.63,1664,1064.96,0,390,280,1.28,2.055.056,20.5,191.7,2.1,72,58.344,4.199.013.158,4.067.435.353,C3S1,-598.026.316,P.S.
MEDAK,Tekmal,Tekmal,179.754,780.304,9.85,Post-monsoon 2020,,7.45,1282,820.48,0,470,110,0.6,2.156.923,10,79.78,01.07,88,63.206,4.798.930.921,1.583.412.054,C3S1,-197.861.842,P.S.
MEDAK,Toopran,Islampur,178.772,784.746,1.85,Post-monsoon 2020,,7.22,1734,1109.76,0,310,320,1.36,79.722,24.25,103.81,1.71,160,58.344,6.399.013.158,17.842.465,C3S1,-6.598.026.316,P.S.
MEDAK,Toopran,Toopran,178.413,784.775,4.55,Post-monsoon 2020,,7.16,1837,1175.68,0,330,340,0.49,850.368,22.5,105.87,03.08,200,43.758,6.799.259.868,1.765.282.667,C3S1,-6.998.519.737,P.S.
MEDAK,Yeldurthy,Edulapally,179.672,783.492,7.8,Post-monsoon 2020,,7.74,942,602.88,0,270,120,0.84,469.474,15.5,61.37,1.71,96,29.172,3.599.506.579,1.406.393.341,C3S1,-1.799.013.158,P.S.
MEDAK,Yeldurthy,Kukunoor,179.146,783.208,3.75,Post-monsoon 2020,,7.52,2683,1717.12,0,400,480,1.13,2.210.071,38.5,118,2.43,200,131.274,1.039.777.961,1.591.050.145,C4S1,-1.279.555.921,P.S.
MEDAK,Yeldurthy,Ramayapally,179.453,783.213,3.75,Post-monsoon 2020,,7.85,690,441.6,0,260,50,0.79,17.716,8.75,35.73,1.41,48,38.896,2.799.342.105,928.489.917,C2S1,-398.684.211,P.S.
MEDCHAL,Alwal,Old Alwal,17.494,78.508,5,Post-monsoon 2020,,7.97,1320,844.8,0,250,190,1.99,1.448.283,22,85,4.76,144,29.172,4.799.506.579,1.686.913.423,C3S1,-4.599.013.158,P.S.
MEDCHAL,Balanagar,Balanagar 1,17.47,78.45,3.7,Post-monsoon 2020,,8.19,1446,925.44,0,450,190,1.74,13.287,20,218,1.5,40,43.758,2.799.259.868,5.665.093.063,C3S1,3.401.480.263,U.S.
MEDCHAL,Kukatpally,Kaithalapur,17.47,78.4,2.34,Post-monsoon 2020,,8.16,389,248.96,0,150,30,1.19,0.3,9,17.8,4.7,32,19.448,1.599.671.053,611.894.886,C2S1,-199.342.105,P.S.
MEDCHAL,Kukatpally,Kukatpally 1,17.481,78.397,4.12,Post-monsoon 2020,,7.8,444,284.16,0,130,60,0.83,101.867,6.75,28,4.93,24,24.31,1.599.588.816,962.556.023,C2S1,-599.177.632,P.S.
MEDCHAL,Malkajgiri,Malkajgiri,17.449,78.535,9.7,Post-monsoon 2020,,7.18,4644,2972.16,0,310,1000,1.3,5.288.226,50,148,5.4,592,97.24,1.879.835.526,1.484.136.865,C4S1,-3.139.671.053,P.S.
MEDCHAL,Qutubullapur,Gajularamaram 2,17.53,78.42,1.33,Post-monsoon 2020,,08.04,927,593.28,0,350,60,0.94,2.985.146,13.25,101,1.51,48,34.034,2.599.424.342,2.723.672.883,C3S1,1.801.151.316,MR
MEDCHAL,Qutubullapur,Shapurnagar,17.54,78.44,,Post-monsoon 2020,,7.79,1980,1267.2,0,620,200,0.91,66,40,224,4.1,112,63.206,5.398.930.921,4.191.469.371,C3S1,1.602.138.158,MR
MULUGU,Eturu Nagaram,Eturu Nagaram (D),18.359.652,80.440.017,10.67,Post-monsoon 2020,,7.94,344,220.16,0,150,20,0.18,3.019.772.727,3,6,1,48,14.586,1.799.753.289,19.445.402,C2S1,-599.506.579,P.S.
MULUGU,Eturu Nagaram,Eturu Nagaram (S),183.374,804.232,11.16,Post-monsoon 2020,,07.09,342,218.88,0,110,40,0.2,3.825.045.455,3.75,19,4,32,14.586,1.399.753.289,698.232.431,C2S1,-599.506.579,P.S.
MULUGU,Govindaraopet,Pasra,18.207.438,80.171.524,2.62,Post-monsoon 2020,,7.67,1197,766.08,0,280,40,1.51,155.015,29.75,76,10,48,43.758,2.999.259.868,1.908.001.483,C3S1,-398.519.737,P.S.
MULUGU,Govindaraopet,Project Nagar,182.616,801.944,2.38,Post-monsoon 2020,,8.22,672,430.08,0,200,80,0.86,7.448.772.727,24.5,75,33,56,19.448,2.199.671.053,2.198.642.191,C2S1,-399.342.105,P.S.
NAGARKURNOOL,Amarabad,Domalapenta,16.211.577,7.887.839,2.12,Post-monsoon 2020,,6.47,1585,1014.4,0,220,260,0.19,190.447,30,103,61,144,29.172,4.799.506.579,2.044.142.148,C3S1,-5.199.013.158,P.S.
NAGARKURNOOL,Balmur,Balmur,16.331.127,78.566.382,10.47,Post-monsoon 2020,,07.01,1162,743.68,0,370,150,0.46,367.607,11,25,62,160,9.724,4.399.835.526,518.195.875,C3S1,-1.399.671.053,P.S.
NAGARKURNOOL,Bijinepalli,Bijinepalli,16.535.278,78.196.422,8.77,Post-monsoon 2020,,7.41,1620,1036.8,0,380,200,0.68,221.45,25,98,3,200,34.034,6.399.424.342,1.684.332.332,C3S1,-5.198.848.684,P.S.
NAGARKURNOOL,Kalwakuthy,Kalwakuthy,16.667,78.488,8.75,Post-monsoon 2020,,7.1,2175,1392,0,390,370,1.22,190.447,30,116,4,208,77.792,8.398.684.211,1.740.301.631,C3S1,-8.997.368.421,P.S.
NAGARKURNOOL,Kodair,Kodair,16.269.624,78.274.343,0.84,Post-monsoon 2020,,7.4,3026,1936.64,0,390,540,0.88,416.326,41,288,4,24,204.204,8.996.546.053,4.174.714.189,C4S2,-1.019.309.211,P.S.
NAGARKURNOOL,Kollapur,Kollapur,16.107,78.306,1.56,Post-monsoon 2020,,8.15,1590,1017.6,0,340,280,01.01,327.746,25,157,1,80,58.344,4.399.013.158,3.254.574.264,C3S1,-1.998.026.316,P.S.
NAGARKURNOOL,Lingal,Ambatipally,16.277,78.446,0.92,Post-monsoon 2020,,7.98,2483,1589.12,0,280,590,0.71,730.785,40,241,3,64,136.136,7.197.697.368,3.905.641.847,C4S1,-8.795.394.737,P.S.
NAGARKURNOOL,Nagarkurnool,Nagarkurnool,16.491.743,78.302.619,8.62,Post-monsoon 2020,,7,2592,1658.88,0,330,460,0.75,3.490.052,29,181,2,64,170.17,8.597.121.711,2.683.948.642,C4S1,-1.059.424.342,P.S.
NAGARKURNOOL,Telkapally,Telkapally,16.435.091,78.440.307,1.25,Post-monsoon 2020,,6.96,579,370.56,0,140,70,0.6,39.861,21,33,1,64,14.586,2.199.753.289,967.384.481,C2S1,-1.599.506.579,P.S.
NAGARKURNOOL,Thimmajipet,Gummakonda,166.224,78.19,2.16,Post-monsoon 2020,,7.2,5457,3492.48,0,530,1170,0.39,372.036,81,742,41,272,48.62,8.799.177.632,1.087.564.509,O.G,-6.998.355.263,P.S.
NAGARKURNOOL,Uppununuthala,Uppununthala,16.450.018,78.591.328,2.17,Post-monsoon 2020,,7.32,2265,1449.6,0,410,300,0.48,301.172,26,95,2,248,63.206,8.798.930.921,1.392.453.866,C4S1,-9.397.861.842,P.S.
NAGARKURNOOL,Veldanda,Veldanda,1.673.106,785.211,5.74,Post-monsoon 2020,,8.46,1394,892.16,20,560,60,2.7,518.193,25,240,1,48,14.586,1.799.753.289,7.778.160.809,C3S2,8.000.493.421,U.S.
NALGONDA,Advidevulapally,Ulsaipalem,16.706.822,79.499.703,0.32,Post-monsoon 2020,,8.16,1079,690.56,0,340,110,1.52,1.403.993,22,101,0.9,64,38.896,3.199.342.105,2.455.066.142,C3S1,401.315.789,P.S.
NALGONDA,Anumula,Anumula,16.798.786,79.289.548,2.4,Post-monsoon 2020,,8.9,1925,1232,30,690,90,3.83,1.882.325,23,378.3,3,16,43.758,2.199.259.868,1.109.098.788,C3S2,1.000.148.026,U.S.
NALGONDA,Anumula,Chintagudem,16.833.094,79.292.086,0.92,Post-monsoon 2020,,8.38,1630,1043.2,10,290,240,1.37,1.988.621,23,152,1,40,97.24,4.998.355.263,2.955.984.766,C3S1,-3.996.710.526,P.S.
NALGONDA,Anumula,Rajavaram,1.668.016,79.407.512,06.03,Post-monsoon 2020,,7.57,1443,923.52,0,350,230,0.56,18.278.483,32,104.61,0.4,136,38.896,4.999.342.105,2.034.177.929,C3S1,-2.998.684.211,P.S.
NALGONDA,Anumula,Sreerampur,16.729.108,79.304.637,0.26,Post-monsoon 2020,,7.7,839,536.96,0,310,50,0.74,287.885,20,70,1.84,32,48.62,2.799.177.632,1.819.093.301,C3S1,601.644.737,P.S.
NALGONDA,Chandampet,Chandampet,16.578.477,78.888.363,4.51,Post-monsoon 2020,,7.51,1506,963.84,0,310,170,1.6,21.927.979,21,110.5,1.25,152,34.034,5.199.424.342,2.106.962.521,C3S1,-4.198.848.684,P.S.
NALGONDA,Chandur,Angadipet,16.984.083,79.018.416,6.14,Post-monsoon 2020,,8.43,543,347.52,20,160,80,0.44,3.215.454,16,52,2.39,32,29.172,1.999.506.579,1.598.873.443,C2S1,-399.013.158,P.S.
NALGONDA,Chandur,Bangarigadda,16.984.666,79.011.361,4.46,Post-monsoon 2020,,08.03,835,534.4,0,260,90,0.59,163.873,10,35.26,4,96,24.31,3.399.588.816,831.459.837,C3S1,-1.599.177.632,P.S.
NALGONDA,Chityala,Veliminedu,17.228.916,79.020.166,9.94,Post-monsoon 2020,,8.25,1406,899.84,0,230,230,0.68,1.510.289,21,75,1.56,72,87.516,5.398.519.737,1.403.447.207,C3S1,-6.197.039.474,P.S.
NALGONDA,Devarakonda,Padamtipally,1.667.664,78.797.379,8.38,Post-monsoon 2020,,08.04,805,515.2,0,200,50,0.78,1.350.845,10,22.94,4.86,56,48.62,3.399.177.632,540.976.809,C3S1,-2.798.355.263,P.S.
NALGONDA,Devarakonda,Tatikole,16.625.235,78.856.645,13.44,Post-monsoon 2020,,09.01,995,636.8,40,380,50,02.02,18.119.039,19,214,10.1,16,4.862,5.999.177.632,1.201.268.466,C3S3,7.200.164.474,U.S.
NALGONDA,Gundlapally,Vavikole,16.675.791,7.876.505,5.2,Post-monsoon 2020,,8.11,2967,1898.88,0,1070,240,2.82,1.310.984,21,599,5.6,24,24.31,1.599.588.816,2.059.182.349,C4S4,1.820.082.237,U.S.
NALGONDA,Gurrampode,Gurrampode,16.851.709,79.091.378,1.67,Post-monsoon 2020,,7.44,1397,894.08,0,440,150,0.38,1.7716,33,59.38,0.5,184,24.31,5.599.588.816,1.091.023.961,C3S1,-2.399.177.632,P.S.
NALGONDA,Gurrampode,Koppole,16.914.619,79.146.882,0.94,Post-monsoon 2020,,8.11,508,325.12,0,120,100,0.27,2.320.796,16,44,2.58,40,24.31,1.999.588.816,1.352.865.093,C2S1,-1.599.177.632,P.S.
NALGONDA,K.Mallepally,K.Mallepally,16.729.392,78.981.033,2.3,Post-monsoon 2020,,7.9,1180,755.2,0,310,150,1.31,3.844.372,41,91,1.82,88,43.758,3.999.259.868,1.978.443.917,C3S1,-1.798.519.737,P.S.
NALGONDA,kanagala,kanagala,16.937.341,79.198.425,1.58,Post-monsoon 2020,,7.93,1381,883.84,0,260,170,0.63,22.025.417,17,78.29,8.52,120,53.482,5.199.095.395,1.492.844.471,C3S1,-5.198.190.789,P.S.
NALGONDA,Kattangur,Cheruvu Annaram,17.198.652,79.354.249,11.07,Post-monsoon 2020,,7.17,2718,1739.52,0,360,670,0.4,1.722.881,30,125,3.6,272,97.24,1.079.835.526,1.653.877.623,C4S1,-1.439.671.053,P.S.
NALGONDA,Kattangur,Kattangur,17.161.891,79.320.303,3.18,Post-monsoon 2020,,7.21,2819,1804.16,0,570,540,1.48,2.838.989,30,408.3,4,152,29.172,4.999.506.579,793.940.528,C4S2,1.400.986.842,MR
NALGONDA,Marriguda,Marriguda,16.939.916,78.863.805,,Post-monsoon 2020,,08.02,519,332.16,0,130,80,0.29,239.166,15,48.48,2.63,40,14.586,1.599.753.289,1.666.511.325,C2S1,-599.506.579,P.S.
NALGONDA,Munugode,Kistapur,17.156.249,79.017.026,3.13,Post-monsoon 2020,,8.68,1320,844.8,30,530,50,2.63,15.111.748,15,282,1.6,8,9.724,5.998.355.263,158.308.845,C3S3,1.000.032.895,U.S.
NALGONDA,Munugode,Kompalli,17.099.308,78.993.715,3.14,Post-monsoon 2020,,7.73,1504,962.56,0,390,220,0.58,3.565.345,27,113.95,10.66,160,24.31,4.999.588.816,2.215.742.814,C3S1,-2.199.177.632,P.S.
NALGONDA,Nakrekal,Arlagaddagudam,17.139.111,79.400.636,2.96,Post-monsoon 2020,,7.29,2144,1372.16,0,430,400,0.56,3.826.656,31,213.6,3.8,88,92.378,59.984.375,379.187.789,C3S1,-3.396.875,P.S.
NALGONDA,Nakrekal,Nakrekal,17.159.338,79.420.978,1.58,Post-monsoon 2020,,7.78,942,602.88,0,380,40,3.24,3.428.046,9,45.75,6.68,96,34.034,3.799.424.342,1.020.479.681,C3S1,1.151.316,P.S.
NALGONDA,Nakrekal,Vallabhapur,17.238.945,79.479.895,1.19,Post-monsoon 2020,,7.82,910,582.4,0,350,50,3.19,3.782.366,11,40.32,6.13,72,48.62,3.799.177.632,899.389.654,C3S1,-598.355.263,P.S.
NALGONDA,Nalgonda,Mushampally,1.697.492,7.932.478,1.3,Post-monsoon 2020,,8.3,1014,648.96,10,230,160,0.59,2.046.198,21,95.01,0.68,48,43.758,2.999.259.868,2.385.252.907,C3S1,-1.198.519.737,P.S.
NALGONDA,Nalgonda,S L B C G V guda,17.060.183,79.300.907,01.08,Post-monsoon 2020,,7.47,1320,844.8,0,270,240,0.64,36.920.144,19,55.96,1.45,136,48.62,5.399.177.632,1.047.094.942,C3S1,-5.398.355.263,P.S.
NALGONDA,Nalgonda,Seetarampuram,17.110.312,79.216.751,08.05,Post-monsoon 2020,,8.1,2080,1331.2,0,820,110,6.22,589.057,20,380,1.9,32,38.896,2.399.342.105,1.066.619.877,C3S2,1.160.131.579,U.S.
NALGONDA,Narketpalli,Akkenepally,17.290.078,79.235.645,2.26,Post-monsoon 2020,,7.32,5988,3832.32,0,390,1630,1.83,513.764,157,730.5,7.7,1.2,311.168,1.282.473.684,8.868.867.223,O.G,-1.784.947.368,P.S.
NALGONDA,Narketpalli,Narketpalli,1.720.025,79.191.305,7.6,Post-monsoon 2020,,7.78,942,602.88,0,380,40,3.24,3.428.046,9,45.75,6.68,96,34.034,3.799.424.342,1.020.479.681,C3S1,1.151.316,P.S.
NALGONDA,Nidamanuru,Nidamanur,16.84,79.285.277,3.64,Post-monsoon 2020,,8.34,2162,1383.68,20,590,200,2.3,172.731,36,427.5,6.7,24,24.31,1.599.588.816,1.469.616.785,C3S3,9.000.822.368,U.S.
NALGONDA,P.A Pally,Angadipet,16.716.555,79.084.472,1.86,Post-monsoon 2020,,8.43,543,347.52,20,160,80,0.44,3.215.454,16,52,2.39,32,29.172,1.999.506.579,1.598.873.443,C2S1,-399.013.158,P.S.
NALGONDA,Peddavoora,Velmaguda,1.677.852,7.918.302,03.06,Post-monsoon 2020,,8.11,505,323.2,0,130,70,0.32,549.196,16,50,2.69,8,29.172,1.399.506.579,1.837.615.715,C2S1,-199.013.158,P.S.
NALGONDA,Shaligowraram,P.Kondaram,17.249.444,79.423.055,3.6,Post-monsoon 2020,,7.8,2244,1436.16,0,450,390,1.29,1.089.534,26,283.8,3.5,72,77.792,4.998.684.211,5.518.953.113,C3S1,-997.368.421,P.S.
NALGONDA,Thiparthy,Thipparthy,1.701.375,79.418.305,0.17,Post-monsoon 2020,,8,1510,966.4,0,550,130,1.35,8.4151,10,148.9,8.9,56,68.068,4.198.848.684,3.159.379.164,C3S1,2.602.302.632,U.S.
NALGONDA,Thiparthy,Mamidala,17.065.212,79.465.001,4.97,Post-monsoon 2020,,7.92,2592,1658.88,0,330,470,1.19,27.145.341,37,208,40.8,112,121.55,7.797.944.079,3.238.511.479,C4S1,-8.995.888.158,P.S.
NALGONDA,Vemulapally,Bommakal,17.026.526,79.518.081,03.08,Post-monsoon 2020,,7.85,1608,1029.12,0,280,340,1,3,18,188.8,7.2,72,48.62,3.799.177.632,4.211.427.747,C3S1,-1.998.355.263,P.S.
NARAYANPET,Kosigi,Kosigi,16.984.631,77.705.505,2.69,Post-monsoon 2020,,7.94,985,630.4,0,250,110,0.77,7.998.774,9.75,29.78,2.7,88,48.62,4.199.177.632,631.851.083,C3S1,-3.398.355.263,P.S.
NARAYANPET,Maddur,Maddur,16.857,77.607,6.22,Post-monsoon 2020,,08.07,1577,1009.28,0,170,380,0.7,695.353,20,95,3.17,120,68.068,5.798.848.684,1.715.239.941,C3S1,-8.197.697.368,P.S.
NARAYANPET,Makthal,Makthal,16.500.518,77.500.096,1.52,Post-monsoon 2020,,8.14,2368,1515.52,0,230,500,0.25,2.404.947,40.5,142.3,7.9,104,145.86,8.597.532.895,2.110.037.341,C4S1,-1.259.506.579,P.S.
NARAYANPET,Narayanpet,Kollampally,16.667.939,77.616.892,3.41,Post-monsoon 2020,,8.7,1023,654.72,50,400,50,1.72,2.2145,9.25,170.4,3.6,24,24.31,1.599.588.816,585.784.094,C3S1,5.800.822.368,U.S.
NARAYANPET,Narayanpet,Kotakonda,16.754.004,77.637.795,1.79,Post-monsoon 2020,,7.78,4584,2933.76,0,220,990,0.42,5.208.504,104,391.4,12.3,360,111.826,1.359.810.855,4.614.809.026,C4S2,-2.279.621.711,P.S.
NARAYANPET,Narayanpet,Narayanapet,167.423,774.812,2.11,Post-monsoon 2020,,08.09,1768,1131.52,0,390,260,1.13,9.597.643,38,153.4,5,88,77.792,5.398.684.211,2.870.473.628,C3S1,-2.997.368.421,P.S.
NARAYANPET,Narva,Narva,164.706,776.567,7.63,Post-monsoon 2020,,8.19,799,511.36,0,380,10,1.92,163.873,8.75,96.96,2.14,40,24.31,1.999.588.816,2.981.222.713,C3S1,3.600.822.368,U.S.
NARAYANPET,Utkoor,Utkoor,166.407,775.003,2.44,Post-monsoon 2020,,8.6,2472,1582.08,50,400,490,0.92,460.616,48,325.5,7,16,121.55,5.397.944.079,6.091.285.653,C4S1,-1.795.888.158,P.S.
NARAYANPET,Utkoor,Chinnaporla,16.581.217,77.516.956,4.33,Post-monsoon 2020,,8.31,915,585.6,30,270,100,0.63,5.3148,12.75,106.45,3.23,40,29.172,2.199.506.579,3.120.722.823,C3S1,1.600.986.842,MR
NIRMAL,Kadam,Kadam,19.096.611,78.775.944,1.38,Post-monsoon 2020,,7.84,1301,832.64,0,430,120,01.09,6.623.368.182,27.25,103,2,64,72.93,4.598.766.447,2.088.279.916,C3S1,-597.532.895,P.S.
NIRMAL,Khanapur,Khanapur,19.047.089,78.662.131,6.19,Post-monsoon 2020,,7.69,990,633.6,0,250,140,0.84,2.113.840.909,34.75,110,4,40,38.896,2.599.342.105,2.966.423.331,C3S1,-198.684.211,P.S.
NIRMAL,Kubeer,Kubeer,192.495,77.945.833,2.1,Post-monsoon 2020,,7.66,783,501.12,0,320,20,0.73,5.053.086.364,11.25,82,4,24,38.896,2.199.342.105,2.404.028.556,C3S1,2.001.315.789,MR
NIRMAL,Kuntala,Kuntala,191.693,781.004,10.79,Post-monsoon 2020,,7.54,1290,825.6,0,380,140,1.26,7.287.718.182,14.75,89,2,64,72.93,4.598.766.447,1.804.436.044,C3S1,-1.597.532.895,P.S.
NIRMAL,Laxmanchanda,Laxmanchanda,19.017.055,78.460.861,1.79,Post-monsoon 2020,,7.88,972,622.08,0,290,110,0.27,4.348.472.727,19.5,92,2,32,53.482,2.999.095.395,2.309.749.338,C3S1,-198.190.789,P.S.
NIRMAL,Lokeswaram,Abdullapur,189.703,780.378,6.97,Post-monsoon 2020,,7.81,731,467.84,0,230,90,0.38,1.650.809.091,10,64,3,32,38.896,2.399.342.105,1.796.412.425,C2S1,-198.684.211,P.S.
NIRMAL,Lokeswaram,Lokeswaram,190.245,780.899,10.3,Post-monsoon 2020,,7.69,434,277.76,0,140,50,0.3,2.617.136.364,9.25,38,1,16,24.31,1.399.588.816,1.396.546.912,C2S1,822.368,P.S.
NIRMAL,Mamada,Mamada,19.077.972,78.522.916,2.2,Post-monsoon 2020,,08.01,1387,887.68,0,250,270,0.75,4.771.240.909,34.25,101,7,104,53.482,4.799.095.395,2.004.535.936,C3S1,-4.598.190.789,P.S.
NIRMAL,Nirmal,Nirmal,19.092.416,78.343.527,2.23,Post-monsoon 2020,,7.51,1386,887.04,0,330,190,0.47,8.737.209.091,29.25,138,2,64,58.344,3.999.013.158,3.000.370.134,C3S1,-1.398.026.316,P.S.
NIRMAL,Sarangapur,Beeravelly,19.139.638,78.261.972,5.95,Post-monsoon 2020,,7.8,637,407.68,0,200,60,1.82,2.375.554.545,10.25,45,2,24,38.896,2.199.342.105,1.319.283.964,C2S1,-398.684.211,P.S.
NIRMAL,Tanur,Bhosi,19.109.333,77.879.444,3.8,Post-monsoon 2020,,7.94,1572,1006.08,0,370,160,0.44,1.968.891.818,33.5,133,2,96,63.206,4.998.930.921,2.586.337.741,C3S1,-2.597.861.842,P.S.
NIZAMABAD,Armoor,perkit,18.808,78.315,3.8,Post-monsoon 2020,,7.3,1114,712.96,0,400,90,1.25,3.596.348,14.5,72.44,3.14,120,29.172,4.199.506.579,1.536.920.745,C3S1,-399.013.158,P.S.
NIZAMABAD,Bheemgal,Bheemgal,18.715,78.442,05.08,Post-monsoon 2020,,7.32,4303,2753.92,0,520,1060,0.84,695.353,32.5,208,6.2,232,262.548,1.659.555.921,2.219.931.396,C4S1,-2.279.111.842,P.S.
NIZAMABAD,Bodhan,Bodhan,186.705,778.925,2.72,Post-monsoon 2020,,7.29,1612,1031.68,0,410,220,0.89,70.864,24,125,2.4,184,24.31,5.599.588.816,2.296.699.143,C3S1,-2.999.177.632,P.S.
NIZAMABAD,Darpally,Ramadugu,18.613,78.309,03.05,Post-monsoon 2020,,7.31,934,597.76,0,360,60,1.36,651.063,11.75,84,2.14,88,14.586,2.799.753.289,2.182.687.535,C3S1,1.600.493.421,MR
NIZAMABAD,Dichpally,Yanampally,18.627,78.249,4.6,Post-monsoon 2020,,7.38,798,510.72,0,300,50,0.78,21.635.665,11.5,38.05,2.33,96,19.448,3.199.671.053,924.856.086,C3S1,-399.342.105,P.S.
NIZAMABAD,Indalwai,Gannaram,18.512.497,78.234.885,3.29,Post-monsoon 2020,,7.4,1169,748.16,0,350,130,1.27,20.670.143,21,91,2.91,104,29.172,3.799.506.579,2.029.784.613,C3S1,-599.013.158,P.S.
NIZAMABAD,Jakrampally,Jakrampally,187.072,782.716,3.72,Post-monsoon 2020,,07.05,760,486.4,0,300,40,0.78,137.299,10.75,37.07,03.08,96,14.586,2.999.753.289,930.576.285,C3S1,493.421,P.S.
NIZAMABAD,Kammarapalli,Inayathnagar,18.708.681,78.564.875,2.85,Post-monsoon 2020,,7.62,934,597.76,0,350,60,1.74,1.793.745,12.75,86.2,3.43,56,34.034,2.799.424.342,2.239.984.754,C3S1,1.401.151.316,MR
NIZAMABAD,Kotagiri,Kallur,18.515.955,7.777.381,8.64,Post-monsoon 2020,,7.94,876,560.64,0,330,60,0.84,3.228.741,19.25,114,1.5,32,29.172,1.999.506.579,3.505.222.547,C3S1,2.600.986.842,U.S.
NIZAMABAD,Morthad,Morthad,18.826,78.449,13.83,Post-monsoon 2020,,07.03,922,590.08,0,280,90,0.63,4.809.894,12.5,30,1.46,120,24.31,3.999.588.816,652.207.436,C3S1,-2.399.177.632,P.S.
NIZAMABAD,Mugpal,Manchippa,18.539,78.114,2.57,Post-monsoon 2020,,7.28,1589,1016.96,0,420,180,0.77,124.012,19.75,80,5.37,152,63.206,6.398.930.921,1.375.018.179,C3S1,-4.397.861.842,P.S.
NIZAMABAD,Mupkal,Mupkal,18.912.998,78.361.616,12.4,Post-monsoon 2020,,7.41,1128,721.92,0,290,100,0.97,1.457.141,16,58,2.9,136,24.31,4.399.588.816,1.202.248.137,C3S1,-2.999.177.632,P.S.
NIZAMABAD,Nandipet,Ailapoor,18.853,78.114,3.24,Post-monsoon 2020,,7.52,1995,1276.8,0,480,270,0.78,1.262.265,33,200,0.31,120,77.792,6.198.684.211,3.492.628.581,C3S1,-2.797.368.421,P.S.
NIZAMABAD,Nandipet,Nutpally,189.365,782.182,2.84,Post-monsoon 2020,,7.68,1208,773.12,0,320,150,0.64,4.557.441,20,72.41,1.99,112,38.896,4.399.342.105,1.500.986.699,C3S1,-2.398.684.211,P.S.
NIZAMABAD,Nandipet,Velmal,18.831,78.143,4.86,Post-monsoon 2020,,7.4,1578,1009.92,0,340,270,0.64,141.728,40.25,140,1.8,168,14.586,4.799.753.289,277.837.423,C3S1,-2.799.506.579,P.S.
NIZAMABAD,Nizamabad,Arsapally,18.685.342,7.806.863,3.1,Post-monsoon 2020,,7.39,1541,986.24,0,480,170,1.1,3.481.194,20,77,3.1,104,87.516,6.198.519.737,1.344.679.844,C3S1,-2.797.039.474,P.S.
NIZAMABAD,Renjal,Dupally,18.733,77.991,12.63,Post-monsoon 2020,,7.44,1102,705.28,0,330,130,1.91,141.728,17.25,85.48,2.49,88,34.034,3.599.424.342,1.958.935.573,C3S1,-598.848.684,P.S.
NIZAMABAD,Rudrur,Rayakur,186.102,778.575,13.1,Post-monsoon 2020,,7.31,4060,2598.4,0,420,430,0.98,79.722,860,505,7.2,272,92.378,105.984.375,6.744.389.142,C4S1,-12.796.875,P.S.
NIZAMABAD,Sirikonda,Peddavolgote,18.604,78.426,2.45,Post-monsoon 2020,,7.4,1888,1208.32,0,520,180,1.15,84.151,101.5,250,10.4,112,34.034,4.199.424.342,5.304.168.255,C3S1,2.001.151.316,MR
NIZAMABAD,Vailpoor,Ankushpur,18.811,78.396,2.78,Post-monsoon 2020,,7.31,1686,1079.04,0,310,230,0.67,186.018,31.25,105.72,2.31,160,48.62,5.999.177.632,1.876.650.755,C3S1,-5.798.355.263,P.S.
NIZAMABAD,Vailpoor,Vailpoor,18.773,78.386,6,Post-monsoon 2020,,7.38,1052,673.28,0,330,100,01.04,4.743.459,15,70,1.71,72,48.62,3.799.177.632,1.561.440.372,C3S1,-998.355.263,P.S.
NIZAMABAD,Varni,Varni,18.543,77.903,3.88,Post-monsoon 2020,,7.46,991,634.24,0,340,90,0.96,1.922.186,12.75,56,0.92,80,43.758,3.799.259.868,1.249.138.778,C3S1,-798.519.737,P.S.
NIZAMABAD,Yedapalli,Yedapalli,18.678,77.954,12.21,Post-monsoon 2020,,7.85,889,568.96,0,360,50,1.1,1.231.262,11.25,83,2.22,32,48.62,2.799.177.632,2.156.924.914,C3S1,1.601.644.737,MR
PEDDAPALLY,Dharmaram,Dharmaram,187.453,791.872,3.55,Post-monsoon 2020,,8.1,886,567.04,0,170,120,0.45,3.221.090.909,44.75,43,3,48,48.62,3.199.177.632,1.045.253.047,C3S1,-2.998.355.263,P.S.
PEDDAPALLY,Eligedu,Eligedu,18.552.157,79.260.942,4.19,Post-monsoon 2020,,8..05,572,366.08,0,180,90,0.82,1.509.886.364,26.5,55,8,56,19.448,2.199.671.053,1.612.337.607,C2S1,-799.342.105,P.S.
PEDDAPALLY,Julapalli,Julapalli,186.205,792.492,3.38,Post-monsoon 2020,,8.42,1568,1003.52,90,320,240,2.24,7.448.772.727,64.25,268,16,64,19.448,2.399.671.053,7.521.961.422,C3S1,3.400.657.895,U.S.
PEDDAPALLY,Odella,Odella,184.528,79.46,1.75,Post-monsoon 2020,,7.92,692,442.88,70,170,100,0.19,4.227.681.818,24.75,64,2,80,24.31,2.999.588.816,1.606.649.988,C2S1,-1.199.177.632,P.S.
PEDDAPALLY,Peddapalli,Peddapalli,186.017,79.39,4.32,Post-monsoon 2020,,8.28,724,463.36,0,180,80,1.86,3.060.036.364,29.25,32,4,40,43.758,2.799.259.868,831.573.294,C2S1,-1.998.519.737,P.S.
RANGAREDDY,Chevella,Alur,17.324,78.064,3.98,Post-monsoon 2020,,8.18,672,430.08,0,100,130,2.51,194.876,13,81,3.11,40,9.724,1.399.835.526,2.976.587.662,C2S1,-799.671.053,P.S.
RANGAREDDY,Amangal,Amangal,168.442,785.425,03.07,Post-monsoon 2020,,8,2558,1637.12,0,410,510,0.48,8.915.577,38,226,13.7,144,87.516,7.198.519.737,3.662.342.892,C4S1,-6.197.039.474,P.S.
RANGAREDDY,Chevella,Dharmasagar,17.336,78.154,7.68,Post-monsoon 2020,,8.11,742,474.88,0,260,60,0.55,3.246.457,6.25,34,2.3,80,24.31,2.999.588.816,853.532.806,C2S1,-799.177.632,P.S.
RANGAREDDY,Kandukur,Kandukur,17.08,78.48,1,Post-monsoon 2020,,08.08,890,569.6,0,290,40,01.05,868.084,9.25,57.98,1.31,24,58.344,2.999.013.158,145.566.416,C3S1,-198.026.316,P.S.
RANGAREDDY,Keshampet,Keshampet,16.943.945,78.329.383,7.28,Post-monsoon 2020,,7.45,2129,1362.56,0,310,450,0.46,1.346.416,18.25,174,04.05,160,72.93,6.998.766.447,2.859.635.381,C3S1,-7.797.532.895,P.S.
RANGAREDDY,Kothur,Kothur,171.587,782.879,3.15,Post-monsoon 2020,,7.68,1948,1246.72,0,250,330,0.39,2.458.095,36.5,202.2,8.4,136,38.896,4.999.342.105,3.931.849.509,C3S1,-4.998.684.211,P.S.
RANGAREDDY,Madgula,Madgula,16.843.335,78.687.875,6.38,Post-monsoon 2020,,7.5,1026,656.64,0,200,140,0.34,1.133.824,20.75,50.55,1.92,136,14.586,3.999.753.289,1.098.946.934,C3S1,-3.999.506.579,P.S.
RANGAREDDY,Maheswaram,Maheswaram,17.135,78.439,9,Post-monsoon 2020,,7.79,1255,803.2,0,360,140,0.91,1.000.954,20,49,3.56,152,43.758,5.599.259.868,900.332.509,C3S1,-3.998.519.737,P.S.
RANGAREDDY,Manchal,Manchal,17.16,78.739,02.05,Post-monsoon 2020,,08.03,4516,2890.24,0,440,610,01.04,1028,111.25,336.6,354.6,264,111.826,1.119.810.855,4.373.347.016,C4S2,-1.359.621.711,P.S.
RANGAREDDY,Ibrahimpatnam,Mangalpally,17.22,78.598,02.05,Post-monsoon 2020,,8.27,928,593.92,0,290,80,1.34,460.616,12.75,89.54,3.31,40,38.896,2.599.342.105,2.414.668.592,C3S1,601.315.789,P.S.
RANGAREDDY,Moinabad,Moinabad,17.33,78.29,2.46,Post-monsoon 2020,,7.44,1440,921.6,0,430,160,0.75,181.589,24.25,61.5,05.09,136,53.482,5.599.095.395,1.130.025.767,C3S1,-2.598.190.789,P.S.
RANGAREDDY,Shamshabad,Palmokole,17.204,78.301,2.94,Post-monsoon 2020,,7.63,1725,1104,0,360,270,0.78,1.049.673,27,179.8,4.7,96,53.482,4.599.095.395,3.645.235.931,C3S1,-1.998.190.789,P.S.
RANGAREDDY,Rajender Nagar,Rajender Nagar,17.316,78.405,4.93,Post-monsoon 2020,,7.79,3928,2513.92,0,440,860,1.44,194.876,178.25,159.6,10.9,392,150.722,1.599.745.066,173.492.083,C4S1,-2.319.490.132,P.S.
RANGAREDDY,Farooqnagar,Shadnagar,17.063.191,78.184.623,17.05,Post-monsoon 2020,,7.6,1716,1098.24,0,340,280,0.44,1.085.105,16.75,57.01,3.38,168,72.93,7.198.766.447,923.834.471,C3S1,-7.597.532.895,P.S.
RANGAREDDY,Shahbad,Shahbad,17.202,78.104,4.57,Post-monsoon 2020,,7.84,957,612.48,0,300,100,0.89,8.858,12.25,56,2.7,112,14.586,3.399.753.289,1.320.494.175,C3S1,-799.506.579,P.S.
RANGAREDDY,Shankarpalli,Shankarpalli,17.453,78.131,7.89,Post-monsoon 2020,,7.67,1568,1003.52,0,260,240,0.48,186.018,20.5,60.15,1.88,152,63.206,6.398.930.921,1.033.841.794,C3S1,-7.597.861.842,P.S.
RANGAREDDY,Talakondapalli,Talakondapalli,16.89,78.413,12.48,Post-monsoon 2020,,7.3,2789,1784.96,0,310,450,0.8,461,30.5,75.25,3.6,272,126.412,1.199.786.184,944.553.888,C4S1,-1.779.572.368,P.S.
RANGAREDDY,Yacharam,Yacharam,17.05,78.67,07.01,Post-monsoon 2020,,7.93,1027,657.28,0,400,60,2.11,26.574,14.25,42.8,3.55,120,29.172,4.199.506.579,908.064.714,C3S1,-399.013.158,P.S.
SANGAREDDY,Andole,Jogipet,17.835.805,78.072.972,18.55,Post-monsoon 2020,,7.5,1691,1082.24,0,420,230,725,819.365,19,137,2.22,128,53.482,5.399.095.395,256.349.356,C3S1,-2.398.190.789,P.S.
SANGAREDDY,Gummadiddla,Gummadiddla,176.849,783.679,13.66,Post-monsoon 2020,,07.06,3050,1952,0,360,550,428,42.761.995,40,101.92,1.99,256,160.446,1.299.728.618,1.229.150.998,C4S1,-1.879.457.237,P.S.
SANGAREDDY,Hathnoora,Borapatla,176.713,781.571,15.34,Post-monsoon 2020,,7.66,732,468.48,0,290,40,1.12,3.445.762,9,45.75,3.24,88,9.724,2.599.835.526,1.233.645.348,C2S1,600.328.947,P.S.
SANGAREDDY,Hathnoora,Nasthipur,177.047,782.185,23.25,Post-monsoon 2020,,7.71,428,273.92,0,150,40,282,1.585.582,5,11.99,6.63,56,9.724,1.799.835.526,388.575.073,C2S1,-599.671.053,P.S.
SANGAREDDY,Jinnaram,Ootla,176.309,783.194,9.98,Post-monsoon 2020,,7.61,1334,853.76,0,380,190,1.63,10.904.198,18,110.8,3.41,104,43.758,4.399.259.868,2.296.794.375,C3S1,-1.198.519.737,P.S.
SANGAREDDY,Kalher,Bachapally,181.386,77.868,13.21,Post-monsoon 2020,,7.6,1371,877.44,0,480,130,0.73,10.080.404,12,84.93,02.08,112,53.482,4.999.095.395,1.651.534.217,C3S1,-398.190.789,P.S.
SANGAREDDY,Kalher,Meerkhanpally,181.237,778.515,5.12,Post-monsoon 2020,,7.26,3140,2009.6,0,570,530,647,18.938.404,46,195.1,67.5,200,131.274,1.039.777.961,2.630.626.129,C4S1,-9.395.559.211,P.S.
SANGAREDDY,Kandi,Byathole,176.111,781.892,15.03,Post-monsoon 2020,,7.48,2458,1573.12,0,370,430,1.82,19.385.733,49,261.1,11.4,184,38.896,6.199.342.105,4.559.384.665,C4S2,-4.998.684.211,P.S.
SANGAREDDY,Patancheru,Isnapur,175.519,782.006,13.41,Post-monsoon 2020,,7.46,2103,1345.92,0,350,430,1.43,8.587.831,38,140.8,0.1,192,58.344,7.199.013.158,2.281.593.837,C3S1,-7.398.026.316,P.S.
SANGAREDDY,Patancheru,Patancheruvu,17.525.833,78.270.166,13.7,Post-monsoon 2020,,7.74,983,629.12,0,350,70,1.37,1.226.833,11,56.37,5.29,104,24.31,3.599.588.816,1.291.795.454,C3S1,-199.177.632,P.S.
SANGAREDDY,R.C.Puram,R.C.Puram,175.091,783.003,21.48,Post-monsoon 2020,,7.61,1246,797.44,0,390,140,1.13,12.290.475,13,79.73,4.26,128,29.172,4.399.506.579,1.652.692.067,C3S1,-999.013.158,P.S.
SIDDIPET,Gajwel,Gajwel,178.447,786.847,11.03,Post-monsoon 2020,,7.55,670,428.8,0,240,50,02.07,465.045,10,50,3.5,56,29.172,2.599.506.579,1.348.331.584,C2S1,-399.013.158,P.S.
SIDDIPET,Jagdevpur,Munigadapa,178.133,788.242,9.73,Post-monsoon 2020,,7.83,1194,764.16,0,230,200,0.59,863.655,14,44,4,80,68.068,4.798.848.684,873.285.627,C3S1,-4.997.697.368,P.S.
SIDDIPET,Mirdoddi,Bhoompalli,181.208,785.972,5.38,Post-monsoon 2020,,8.18,1188,760.32,0,250,180,0.76,456.187,18,142,2.3,24,43.758,2.399.259.868,3.985.858.376,C3S1,201.480.263,P.S.
SIDDIPET,Mulugu,Mulugu,177.214,786.333,36.55,Post-monsoon 2020,,7.76,890,569.6,0,290,100,2.29,225.879,6,93,4,56,29.172,2.599.506.579,2.507.896.747,C3S1,600.986.842,P.S.
SIDDIPET,Nanganur,Rampur,180.888,789.925,5.66,Post-monsoon 2020,,7.96,1364,872.96,0,140,300,0.79,3.698.215,24,98,4,64,58.344,3.999.013.158,2.130.697.632,C3S1,-5.198.026.316,P.S.
SIDDIPET,Raipole,Raipole,179.256,786.181,8.44,Post-monsoon 2020,,7.87,603,385.92,0,230,40,01.03,416.326,7.5,29.6,3.4,40,38.896,2.599.342.105,798.237.551,C2S1,-598.684.211,P.S.
SIDDIPET,Siddipet,Siddipet,181.033,788.375,3.98,Post-monsoon 2020,,7.6,324,207.36,0,100,30,0.97,9.7438,9,11.7,11.9,32,9.724,1.199.835.526,4.644.053,C2S1,-399.671.053,P.S.
SIRCILLA,Gambhiraopet,Narmal,18.283.725,78.552.568,4.73,Post-monsoon 2020,,7.32,1336,855.04,0,320,180,0.9,7.448.772.727,27,147,4,104,19.448,3.399.671.053,3.466.339.132,C3S1,-399.342.105,P.S.
SIRCILLA,Illanthakunta,Illanthukunta,18.311.944,78.956.388,3.51,Post-monsoon 2020,,08.02,758,485.12,0,220,80,0.65,5.777.831.818,16.25,79,6,48,24.31,2.199.588.816,23.159.464,C3S1,822.368,P.S.
SIRCILLA,Konaraopet,Nizamabad,184.703,787.189,3.35,Post-monsoon 2020,,7.62,779,498.56,0,320,20,0.75,4.267.945.455,9.5,43,2,32,53.482,2.999.095.395,1.079.556.756,C3S1,401.809.211,P.S.
SIRCILLA,Sircilla,Sircilla(urban),1.835.555,7.878.308,6.36,Post-monsoon 2020,,7.39,1776,1136.64,0,420,290,0.6,5.717.436.364,26.75,174,7,88,72.93,5.198.766.447,331.796.086,C3S1,-1.997.532.895,P.S.
SIRCILLA,Vemulawada,Vemulawada(rural),18.486.422,78.863.888,6.51,Post-monsoon 2020,,7.98,1244,796.16,0,310,160,0.87,3.804.913.636,36.25,121,4,48,53.482,3.399.095.395,2.853.486.733,C3S1,-598.190.789,P.S.
SIRCILLA,Yellareddipet,Racherla Boppaspur,18.377.197,78.616.814,08.09,Post-monsoon 2020,,7.29,1086,695.04,0,280,130,0.66,5.818.095.455,25,96,8,80,29.172,3.199.506.579,2.333.468.235,C3S1,-799.013.158,P.S.
SURYAPET,Arvapally,Kodur,17.316.549,79.622.842,2.81,Post-monsoon 2020,,7.4,850,544,0,310,30,1.11,57.577,11,55.55,1.46,80,24.31,2.999.588.816,1.394.521.982,C3S1,200.822.368,P.S.
SURYAPET,Arvapally,Nagaram,17.386.693,79.496.965,2.49,Post-monsoon 2020,,7.84,830,531.2,0,300,60,01.04,31,15,51.81,1.64,40,53.482,3.199.095.395,1.259.424.568,C3S1,-398.190.789,P.S.
SURYAPET,Chivemla,B. Chandupatla,17.141.752,79.718.667,01.02,Post-monsoon 2020,,7.71,1275,816,0,520,60,1.12,27,11,64.29,2.48,120,48.62,4.999.177.632,1.250.162.033,C3S1,401.644.737,P.S.
SURYAPET,Mattampalle,Raghunadhapalem,16.753.544,79.885.324,3.22,Post-monsoon 2020,,7.4,1084,693.76,0,310,60,694,143,20,27.17,0.75,176,9.724,4.799.835.526,539.198.437,C3S1,-3.399.671.053,P.S.
SURYAPET,Mellacheruvu,Mellacheruvu,1.683.738,79.904.517,4.91,Post-monsoon 2020,,7.77,991,634.24,0,310,100,1.13,3.494.481,25,90.2,02.04,64,34.034,2.999.424.342,226.443.441,C3S1,201.151.316,P.S.
SURYAPET,Nuthankal,Nuthankal,17.333.829,79.691.828,2.31,Post-monsoon 2020,,7.99,771,493.44,0,280,50,511,947.806,9,32.6,2.26,56,38.896,2.999.342.105,818.420.995,C3S1,-398.684.211,P.S.
SURYAPET,Thungathurthi,Thungathurthi,17.398.742,7.959.122,1.66,Post-monsoon 2020,,07.04,4986,3191.04,0,430,1270,476,1.652.017,110,464.2,55.2,384,116.688,1.439.802.632,5.318.948.907,C4S2,-2.019.605.263,P.S.
VIKARABAD,Bantwaram,Bantwaram,17.445,77.696,3.62,Post-monsoon 2020,,8.47,598,382.72,30,180,30,0.44,26,12,39,3.37,32,29.172,1.999.506.579,1.199.155.082,C2S1,200.986.842,P.S.
VIKARABAD,Basheerabad,Basheerabad,17.211,77.444,09.04,Post-monsoon 2020,,7.94,2693,1723.52,0,440,470,0.59,217.021,37,300,4,184,63.206,7.198.930.921,4.861.378.272,C4S1,-5.597.861.842,P.S.
VIKARABAD,Bomraspet,Bomraspet,17.164.004,77.719.418,11.62,Post-monsoon 2020,,7.29,708,453.12,0,210,90,0.97,1.829.177,22,91,0.82,40,19.448,1.799.671.053,2.949.286.689,C2S1,600.657.895,P.S.
VIKARABAD,Dharoor,Dharoor,17.303,77.774,9.5,Post-monsoon 2020,,08.01,1154,738.56,0,180,240,0.74,24,10,60.3,3.82,80,53.482,4.199.095.395,1.279.415.493,C3S1,-4.798.190.789,P.S.
VIKARABAD,Doma,Doma,17.088,77.836,9.37,Post-monsoon 2020,,8.46,620,396.8,34.034,40,80,01.06,2.400.518,8.25,39.96,6.71,24,34.034,1.999.424.342,1.228.698.013,C2S1,-1.598.848.684,P.S.
VIKARABAD,Doulathabad,Doulathabad,169.983,775.415,4.15,Post-monsoon 2020,,07.06,3197,2046.08,0,290,770,0.36,1.851.322,32,209,63,208,126.412,1.039.786.184,2.818.035.299,C4S1,-1.499.572.368,P.S.
VIKARABAD,Kodangal,Kodangal,170.992,776.011,5.14,Post-monsoon 2020,,7.29,1590,1017.6,0,130,310,0.86,2.210.071,24.25,118,2.29,96,68.068,5.198.848.684,2.250.093.591,C3S1,-7.797.697.368,P.S.
VIKARABAD,Kodangal,Rudraram (S),17.133,77.511,3.72,Post-monsoon 2020,,7.26,650,416,60,150,70,0.37,2.010.766,13,58,4.75,24,34.034,1.999.424.342,1.783.395.514,C2S1,201.151.316,P.S.
VIKARABAD,Marpalli,Marpalli,17.529,77.771,12.82,Post-monsoon 2020,,8.79,460,294.4,50,130,20,0.24,2.599.823,4,42,2.6,24,19.448,1.399.671.053,1.543.506.504,C2S1,800.657.895,P.S.
VIKARABAD,Nawabpet,Vattinenipally(s),17.445,77.983,3.35,Post-monsoon 2020,,8.73,580,371.2,70,140,30,0.38,40,8,35,1.23,24,38.896,2.199.342.105,1.026.109.749,C2S1,-198.684.211,P.S.
VIKARABAD,Parigi,Parigi,17.18,77.88,12.1,Post-monsoon 2020,,6.47,654,418.56,0,170,80,0.35,45,14,34,1.6,48,34.034,2.599.424.342,91.687.998,C2S1,-1.798.848.684,P.S.
VIKARABAD,Peddamul,Peddamul,17.33,77.66,7.74,Post-monsoon 2020,,8.18,1097,702.08,0,150,240,0.61,53,13,56.78,4.72,72,58.344,4.199.013.158,1.204.741.676,C3S1,-5.398.026.316,P.S.
VIKARABAD,Pudur,Pudur,17.264,77.957,5.28,Post-monsoon 2020,,8.42,499,319.36,50,110,40,0.19,473.903,3.5,18,01.01,40,29.172,2.199.506.579,527.693.854,C2S1,-1.199.013.158,P.S.
VIKARABAD,Tandur,Tandur,17.251,77.591,2.55,Post-monsoon 2020,,07.01,1705,1091.2,0,300,350,1.58,34,7,196,1.9,104,38.896,4.199.342.105,415.850.863,C3S1,-2.398.684.211,P.S.
VIKARABAD,Vikarabad,Vikarabad(S),17.321,77.914,8.13,Post-monsoon 2020,,6.28,580,371.2,0,250,20,0.39,15,5,19,0.4,56,29.172,2.599.506.579,512.366.002,C2S1,-199.013.158,P.S.
VIKARABAD,Yalal,Yalal,17.2,77.64,8.6,Post-monsoon 2020,,07.02,552,353.28,0,180,40,02.01,30,11,17,0.68,64,19.448,2.399.671.053,477.139.344,C2S1,-1.199.342.105,P.S.
WANAPARTHY,Atmakuru,Atmakuru,16.337,77.806,2.71,Post-monsoon 2020,,7.51,638,408.32,0,240,50,1.92,1.705.165,8.75,73,02.01,48,14.586,1.799.753.289,2.365.857.246,C2S1,1.200.493.421,P.S.
WANAPARTHY,Ghanpur,Ghanapur,1.656.306,78.046.454,0.45,Post-monsoon 2020,,7.4,640,409.6,0,240,50,1.85,956.664,9,69.79,1.83,48,14.586,1.799.753.289,2.261.824.345,C2S1,1.200.493.421,P.S.
WANAPARTHY,Gopalpet,Gopalpet,163.786,781.348,2.36,Post-monsoon 2020,,07.02,1265,809.6,0,270,230,0.65,509.335,27.75,84.08,1.77,104,43.758,4.399.259.868,1.742.910.389,C3S1,-3.398.519.737,P.S.
WANAPARTHY,Kothakota,Kanaipally,16.388.259,77.960.249,8,Post-monsoon 2020,,7.38,643,411.52,0,250,50,1.84,168.302,8.25,72.96,2.34,56,9.724,1.799.835.526,2.364.506.865,C2S1,1.400.328.947,MR
WANAPARTHY,Pangal,Pangal,1.624.721,78.104.481,2,Post-monsoon 2020,,7,1270,812.8,0,280,220,0.64,372.036,27.75,83.71,02.05,112,38.896,4.399.342.105,173.522.437,C3S1,-3.198.684.211,P.S.
WANAPARTHY,Pebbair,Ayyavaripalli,161.156,780.236,0.8,Post-monsoon 2020,,7.53,635,406.4,0,240,50,1.84,9.3009,8,66.7,1.67,48,14.586,1.799.753.289,2.161.680.525,C2S1,1.200.493.421,P.S.
WANAPARTHY,Peddamandadi,Peddamandadi,164.306,780.251,2.7,Post-monsoon 2020,,7.34,709,453.76,0,260,60,1.86,1.687.449,9,72.09,1.8,64,14.586,2.199.753.289,211.329.537,C2S1,800.493.421,P.S.
WARANGAL (R),Atmakur,Atmakur,180.686,79.738,1.39,Post-monsoon 2020,,8.26,4040,2585.6,0,460,830,0.18,367.607,112.75,312,11,112,262.548,1.359.555.921,367.898.672,C4S1,-1.799.111.842,P.S.
WARANGAL (R),Chennaraopet,Chennaraopet,17.883,798.722,0.65,Post-monsoon 2020,,8.34,2454,1570.56,30,400,500,1.63,4.288.077.273,54.25,246,2,56,136.136,6.997.697.368,4.043.241.599,C4S1,-5.395.394.737,P.S.
WARANGAL (R),Duggondi,Duggondi,180.194,798.077,0.78,Post-monsoon 2020,,8.29,733,469.12,0,160,120,0.32,3.241.222.727,14.75,60,2,16,48.62,2.399.177.632,1.684.194.375,C2S1,-1.598.355.263,P.S.
WARANGAL (R),Khanapur,Khanapur,178.988,79.93,2.16,Post-monsoon 2020,,7.66,1308,837.12,0,380,160,0.74,44.29,20.5,110,5,48,72.93,4.198.766.447,2.334.016.867,C3S1,-797.532.895,P.S.
WARANGAL (R),Narasampet,Narasampet,179.227,798.875,2.23,Post-monsoon 2020,,7.88,1283,821.12,0,330,190,1.79,4.127.022.727,13.75,133,2,32,68.068,3.598.848.684,3.048.189.842,C3S1,-597.697.368,P.S.
WARANGAL (R),Parkal,Parkal,182.016,796.374,1.75,Post-monsoon 2020,,8.31,476,304.64,30,130,40,1.14,3.583.463.636,3.75,42,1,16,29.172,1.599.506.579,1.443.871.151,C2S1,986.842,P.S.
WARANGAL (R),Parvathagiri,Parvathagiri,17.744.466,79.723.991,3.9,Post-monsoon 2020,,08.09,2316,1482.24,0,420,350,0.93,2.450.042.273,47.75,214,2,88,116.688,6.998.026.316,3.517.208.805,C4S1,-5.596.052.632,P.S.
WARANGAL (R),Rayaparthy,Rayaparthy,176.942,795.473,1.24,Post-monsoon 2020,,8.11,1295,828.8,0,340,180,0.87,4.569.922.727,21.5,117,3,48,68.068,3.998.848.684,2.543.844.383,C3S1,-1.197.697.368,P.S.
WARANGAL (R),Sangem,Sangem,178.844,797.113,3.43,Post-monsoon 2020,,7.96,1367,874.88,0,190,320,0.46,1.852.127.273,29.25,132,2,40,72.93,3.998.766.447,287.000.779,C3S1,-4.197.532.895,P.S.
WARANGAL (R),Wardhannapet,Wardhannapet,17.773,795.794,3.74,Post-monsoon 2020,,8.3,554,354.56,20,150,70,0.93,1.892.390.909,9.5,44,1,24,34.034,1.999.424.342,1.352.920.735,C2S1,-598.848.684,P.S.
WARANGAL (U),Dharmasagar,Narayanagiri,179.905,793.769,0.51,Post-monsoon 2020,,8.1,1255,803.2,0,200,200,0.51,9.341.163.636,40.25,108,4,80,43.758,3.799.259.868,2.409.053.359,C3S1,-3.598.519.737,P.S.
WARANGAL (U),Hanamkonda,Hanumkonda,180.008,795.577,4.38,Post-monsoon 2020,,08.05,761,487.04,0,190,90,1.63,5.375.195.455,17.5,72,6,48,24.31,2.199.588.816,2.110.735.959,C3S1,-599.177.632,P.S.
WARANGAL (U),Hanamkonda,Mamnoor,179.069,795.969,1.2,Post-monsoon 2020,,7.97,1615,1033.6,0,200,250,0.85,1.920.575.455,44.5,160,5,88,48.62,4.199.177.632,3.394.767.404,C3S1,-4.398.355.263,P.S.
WARANGAL (U),Hasanparthi,Seethampet,180.776,795.153,0.56,Post-monsoon 2020,,8.26,1932,1236.48,0,360,220,0.99,1.739.389.091,49.25,195,5,80,63.206,4.598.930.921,395.346.895,C3S1,-1.997.861.842,P.S.
WARANGAL (U),Kamalapur,Shanigaram,18.184.083,79.597.194,0.75,Post-monsoon 2020,,8.3,2179,1394.56,30,400,360,4.88,1.185.764.091,38.25,302,12,88,53.482,4.399.095.395,6.260.332.743,C3S1,-198.190.789,P.S.
WARANGAL (U),warangal,Charbowli,179.819,79.607,1.83,Post-monsoon 2020,,8.28,1030,659.2,0,280,110,0.78,5.878.490.909,22,98,4,48,43.758,2.999.259.868,2.460.317.702,C3S1,-398.519.737,P.S.
YADADRI,Alair,Kolanpaka,1.769.706,79.019.595,3.23,Post-monsoon 2020,,7.93,1965,1257.6,0,560,360,0.93,1.873.467,19,290,8.3,48,92.378,49.984.375,5.639.661.383,C3S1,1.203.125,P.S.
YADADRI,B.Pochampalli,B.Pochampalli,17.336.196,78.810.768,2.75,Post-monsoon 2020,,8.58,2188,1400.32,20,410,390,0.55,5.412.238,31,122.1,1.4,144,111.826,8.198.108.553,1.854.090.786,C3S1,-7.796.217.105,P.S.
YADADRI,Bibinagar,Bibinagar,17.460.344,78.801.601,3.39,Post-monsoon 2020,,8.17,1514,968.96,0,320,210,1.28,1.191.401,29,107.65,1.89,120,53.482,5.199.095.395,2.052.684.983,C3S1,-3.998.190.789,P.S.
YADADRI,Choutuppal,D.Malkapur,17.258.259,78.803.218,2.33,Post-monsoon 2020,,08.08,1490,953.6,0,570,110,2.46,332.175,19,133.2,14.4,104,48.62,4.599.177.632,2.700.450.974,C3S1,2.201.644.737,MR
YADADRI,Mothukur,Kanchanapalli,1.740.375,79.339.638,2.7,Post-monsoon 2020,,8.24,1436,919.04,0,340,180,0.44,1.793.745,27,205.8,84.6,40,29.172,2.199.506.579,6.033.299.736,C3S1,2.400.986.842,MR
YADADRI,Rajapet,Bondugala,17.768.305,789.665,2.71,Post-monsoon 2020,,8.73,797,510.08,20,240,90,01.01,3.264.173,9,58.08,2.27,48,43.758,2.999.259.868,1.458.114.818,C3S1,-798.519.737,P.S.
YADADRI,Rajapet,Kurraram,1.777.549,78.929.866,5.28,Post-monsoon 2020,,8.29,435,278.4,0,190,40,0.5,1.851.322,10,33.18,2.17,32,29.172,1.999.506.579,1.020.204.247,C2S1,-199.013.158,P.S.
YADADRI,Rajapet,Rajapet,17.729.431,78.932.968,2.41,Post-monsoon 2020,,7.8,906,579.84,0,230,150,1.37,3.751.363,11,55.93,2.78,96,24.31,3.399.588.816,131.887.546,C3S1,-2.199.177.632,P.S.
YADADRI,Rajapet,Somaram,17.725.671,78.991.785,10.03,Post-monsoon 2020,,7.42,3279,2098.56,0,240,510,0.43,5.784.274,59,295.2,6.8,328,34.034,9.599.424.342,4.142.532.479,C4S2,-1.439.884.868,P.S.
YADADRI,Ramannapet,Ramanapet,17.283.121,79.095.091,3.9,Post-monsoon 2020,,8.7,599,383.36,30,150,70,0.58,5.252.794,12,36.94,1.22,40,38.896,2.599.342.105,99.617.889,C2S1,-1.598.684.211,P.S.
YADADRI,S.Narayanpur,S.Narayanpur,17.144.719,7.886.001,9.9,Post-monsoon 2020,,7.8,2324,1487.36,0,370,370,0.58,3.361.611,33,169.3,2.6,160,97.24,7.998.355.263,2.602.727.956,C4S1,-8.596.710.526,P.S.
YADADRI,Thurkapally,Gandamalla,17.733.101,78.853.831,5.74,Post-monsoon 2020,,8.26,2109,1349.76,0,430,260,01.08,332.175,33,211.3,43.3,48,116.688,5.998.026.316,3.751.176.315,C3S1,-3.396.052.632,P.S.
YADADRI,Valigonda,T. somaram,17.399.953,7.895.229,1.72,Post-monsoon 2020,,8.77,1115,713.6,20,180,220,0.34,4.420.142,15,60.44,03.04,80,53.482,4.199.095.395,1.282.385.944,C3S1,-4.398.190.789,P.S.
YADADRI,Valigonda,Vemulakonda,17.347.782,79.143.433,1.65,Post-monsoon 2020,,7.76,5053,3233.92,0,280,1360,0.44,7.635.596,109,465.2,3.3,400,92.378,137.984.375,5.444.987.846,C4S1,-21.996.875,P.S.
YADADRI,Y.Gutta,Mallapuram,17.633.555,78.911.638,4.92,Post-monsoon 2020,,8.13,2280,1459.2,0,200,340,1.12,5.062.347,34,170.7,5.6,152,97.24,7.798.355.263,2.657.689.111,C4S1,-1.159.671.053,P.S.